{
"meta":{"test_sets":[],"test_metrics":[],"learn_metrics":[{"best_value":"Min","name":"RMSE"}],"launch_mode":"Train","parameters":"","iteration_count":1000,"learn_sets":["learn"],"name":"experiment"},
"iterations":[
{"learn":[14.59871775],"iteration":0,"passed_time":0.147788617,"remaining_time":147.6408284},
{"learn":[14.22518863],"iteration":1,"passed_time":0.1487169599,"remaining_time":74.20976297},
{"learn":[13.8866124],"iteration":2,"passed_time":0.1495376472,"remaining_time":49.69634474},
{"learn":[13.52356875],"iteration":3,"passed_time":0.1503048824,"remaining_time":37.42591571},
{"learn":[13.18870211],"iteration":4,"passed_time":0.1511683207,"remaining_time":30.08249582},
{"learn":[12.9124226],"iteration":5,"passed_time":0.1521207779,"remaining_time":25.20134221},
{"learn":[12.60003351],"iteration":6,"passed_time":0.1530873544,"remaining_time":21.7165347},
{"learn":[12.32990573],"iteration":7,"passed_time":0.1540249243,"remaining_time":19.09909062},
{"learn":[12.0660619],"iteration":8,"passed_time":0.1548264651,"remaining_time":17.0481141},
{"learn":[11.77309809],"iteration":9,"passed_time":0.1556374338,"remaining_time":15.40810595},
{"learn":[11.49227636],"iteration":10,"passed_time":0.1563768659,"remaining_time":14.05970185},
{"learn":[11.26264833],"iteration":11,"passed_time":0.1571106773,"remaining_time":12.93544576},
{"learn":[11.04260393],"iteration":12,"passed_time":0.157963854,"remaining_time":11.99310184},
{"learn":[10.79916926],"iteration":13,"passed_time":0.1588334147,"remaining_time":11.18641049},
{"learn":[10.5541002],"iteration":14,"passed_time":0.1597001499,"remaining_time":10.48697651},
{"learn":[10.31918115],"iteration":15,"passed_time":0.160580411,"remaining_time":9.875695274},
{"learn":[10.10004441],"iteration":16,"passed_time":0.1613927222,"remaining_time":9.332296822},
{"learn":[9.894556723],"iteration":17,"passed_time":0.162112597,"remaining_time":8.844142792},
{"learn":[9.690174082],"iteration":18,"passed_time":0.1629316712,"remaining_time":8.412419445},
{"learn":[9.506034866],"iteration":19,"passed_time":0.1639871268,"remaining_time":8.035369216},
{"learn":[9.338524633],"iteration":20,"passed_time":0.1654205111,"remaining_time":7.711746683},
{"learn":[9.170203312],"iteration":21,"passed_time":0.1663705749,"remaining_time":7.395928283},
{"learn":[9.010299969],"iteration":22,"passed_time":0.167387711,"remaining_time":7.110338856},
{"learn":[8.843866678],"iteration":23,"passed_time":0.1682539253,"remaining_time":6.842326294},
{"learn":[8.690548059],"iteration":24,"passed_time":0.1690473619,"remaining_time":6.592847116},
{"learn":[8.555307687],"iteration":25,"passed_time":0.1698221215,"remaining_time":6.361797937},
{"learn":[8.413851302],"iteration":26,"passed_time":0.1708132784,"remaining_time":6.155604439},
{"learn":[8.29256019],"iteration":27,"passed_time":0.1717490655,"remaining_time":5.962146129},
{"learn":[8.162193833],"iteration":28,"passed_time":0.1725042176,"remaining_time":5.775917079},
{"learn":[8.040736294],"iteration":29,"passed_time":0.1732172693,"remaining_time":5.600691708},
{"learn":[7.921220278],"iteration":30,"passed_time":0.1740177569,"remaining_time":5.439458272},
{"learn":[7.809589039],"iteration":31,"passed_time":0.1748534027,"remaining_time":5.289315433},
{"learn":[7.699675801],"iteration":32,"passed_time":0.1756734188,"remaining_time":5.147763513},
{"learn":[7.60645267],"iteration":33,"passed_time":0.1764319273,"remaining_time":5.012742405},
{"learn":[7.498880302],"iteration":34,"passed_time":0.1771467624,"remaining_time":4.884189307},
{"learn":[7.401158744],"iteration":35,"passed_time":0.1779858148,"remaining_time":4.766064596},
{"learn":[7.306431077],"iteration":36,"passed_time":0.1787178328,"remaining_time":4.651493863},
{"learn":[7.223863468],"iteration":37,"passed_time":0.1794464242,"remaining_time":4.542827896},
{"learn":[7.143477682],"iteration":38,"passed_time":0.1802004241,"remaining_time":4.440323271},
{"learn":[7.062817131],"iteration":39,"passed_time":0.1809447255,"remaining_time":4.342673412},
{"learn":[6.990793435],"iteration":40,"passed_time":0.1818400453,"remaining_time":4.253283011},
{"learn":[6.931862224],"iteration":41,"passed_time":0.1828514984,"remaining_time":4.170755605},
{"learn":[6.858296558],"iteration":42,"passed_time":0.1840598517,"remaining_time":4.096401816},
{"learn":[6.786268161],"iteration":43,"passed_time":0.1849023191,"remaining_time":4.017423116},
{"learn":[6.717118549],"iteration":44,"passed_time":0.1857232669,"remaining_time":3.941460443},
{"learn":[6.652948106],"iteration":45,"passed_time":0.1866938605,"remaining_time":3.871868324},
{"learn":[6.589686076],"iteration":46,"passed_time":0.1874593323,"remaining_time":3.8010371},
{"learn":[6.531283097],"iteration":47,"passed_time":0.1882424278,"remaining_time":3.733474819},
{"learn":[6.471368031],"iteration":48,"passed_time":0.1890955471,"remaining_time":3.66999725},
{"learn":[6.416481395],"iteration":49,"passed_time":0.189875727,"remaining_time":3.607638813},
{"learn":[6.369870822],"iteration":50,"passed_time":0.1906159907,"remaining_time":3.546952454},
{"learn":[6.325678067],"iteration":51,"passed_time":0.1913317877,"remaining_time":3.488125668},
{"learn":[6.275766122],"iteration":52,"passed_time":0.1920481858,"remaining_time":3.43150249},
{"learn":[6.224773967],"iteration":53,"passed_time":0.1927579813,"remaining_time":3.376834265},
{"learn":[6.182249254],"iteration":54,"passed_time":0.193489338,"remaining_time":3.324498626},
{"learn":[6.139904173],"iteration":55,"passed_time":0.1941824717,"remaining_time":3.273361666},
{"learn":[6.100525536],"iteration":56,"passed_time":0.1948702351,"remaining_time":3.22390582},
{"learn":[6.062568564],"iteration":57,"passed_time":0.1956144764,"remaining_time":3.17704891},
{"learn":[6.030559288],"iteration":58,"passed_time":0.1965277256,"remaining_time":3.134450675},
{"learn":[5.997931376],"iteration":59,"passed_time":0.1974295828,"remaining_time":3.093063464},
{"learn":[5.964103835],"iteration":60,"passed_time":0.1981637649,"remaining_time":3.050422545},
{"learn":[5.933729724],"iteration":61,"passed_time":0.198891164,"remaining_time":3.009030836},
{"learn":[5.901932711],"iteration":62,"passed_time":0.1996641602,"remaining_time":2.969608224},
{"learn":[5.873727795],"iteration":63,"passed_time":0.2004325265,"remaining_time":2.931325699},
{"learn":[5.846485734],"iteration":64,"passed_time":0.2012452786,"remaining_time":2.89483593},
{"learn":[5.820630862],"iteration":65,"passed_time":0.2024793553,"remaining_time":2.865389665},
{"learn":[5.793646238],"iteration":66,"passed_time":0.203248424,"remaining_time":2.830310144},
{"learn":[5.765388646],"iteration":67,"passed_time":0.2040823166,"remaining_time":2.797128221},
{"learn":[5.747073912],"iteration":68,"passed_time":0.2048559339,"remaining_time":2.764070645},
{"learn":[5.722315217],"iteration":69,"passed_time":0.2056053652,"remaining_time":2.731614137},
{"learn":[5.699970599],"iteration":70,"passed_time":0.2064102637,"remaining_time":2.700776549},
{"learn":[5.682732647],"iteration":71,"passed_time":0.2072836817,"remaining_time":2.671656342},
{"learn":[5.663525791],"iteration":72,"passed_time":0.2080896108,"remaining_time":2.642453003},
{"learn":[5.642381613],"iteration":73,"passed_time":0.2090689797,"remaining_time":2.616187503},
{"learn":[5.621404779],"iteration":74,"passed_time":0.2098190521,"remaining_time":2.58776831},
{"learn":[5.602460129],"iteration":75,"passed_time":0.2106191,"remaining_time":2.560684848},
{"learn":[5.587337574],"iteration":76,"passed_time":0.2113198783,"remaining_time":2.533094126},
{"learn":[5.572393026],"iteration":77,"passed_time":0.2120937762,"remaining_time":2.507057201},
{"learn":[5.558425806],"iteration":78,"passed_time":0.2128829233,"remaining_time":2.481837625},
{"learn":[5.541518902],"iteration":79,"passed_time":0.2136914874,"remaining_time":2.457452106},
{"learn":[5.526157283],"iteration":80,"passed_time":0.214548985,"remaining_time":2.434203917},
{"learn":[5.511746977],"iteration":81,"passed_time":0.2153156692,"remaining_time":2.410485175},
{"learn":[5.504975022],"iteration":82,"passed_time":0.215770087,"remaining_time":2.383869515},
{"learn":[5.493980522],"iteration":83,"passed_time":0.2165325631,"remaining_time":2.361236045},
{"learn":[5.480745463],"iteration":84,"passed_time":0.2173293462,"remaining_time":2.339486491},
{"learn":[5.464052013],"iteration":85,"passed_time":0.218077174,"remaining_time":2.317703919},
{"learn":[5.449143727],"iteration":86,"passed_time":0.2189353873,"remaining_time":2.297563317},
{"learn":[5.438255432],"iteration":87,"passed_time":0.2197187834,"remaining_time":2.277085573},
{"learn":[5.425927931],"iteration":88,"passed_time":0.2205417908,"remaining_time":2.257455859},
{"learn":[5.412331217],"iteration":89,"passed_time":0.2214262398,"remaining_time":2.238865314},
{"learn":[5.400691499],"iteration":90,"passed_time":0.2222474081,"remaining_time":2.220031801},
{"learn":[5.391618744],"iteration":91,"passed_time":0.2229821412,"remaining_time":2.200736785},
{"learn":[5.380766572],"iteration":92,"passed_time":0.2236979582,"remaining_time":2.181656431},
{"learn":[5.372207183],"iteration":93,"passed_time":0.2244847095,"remaining_time":2.163650498},
{"learn":[5.362918837],"iteration":94,"passed_time":0.2254869335,"remaining_time":2.148059735},
{"learn":[5.348292324],"iteration":95,"passed_time":0.2263625958,"remaining_time":2.13158111},
{"learn":[5.339772295],"iteration":96,"passed_time":0.22746443,"remaining_time":2.117529694},
{"learn":[5.331515983],"iteration":97,"passed_time":0.2283758305,"remaining_time":2.101989787},
{"learn":[5.323861644],"iteration":98,"passed_time":0.2291391898,"remaining_time":2.08539808},
{"learn":[5.313277281],"iteration":99,"passed_time":0.2299235777,"remaining_time":2.069312199},
{"learn":[5.30685627],"iteration":100,"passed_time":0.2306782987,"remaining_time":2.053265253},
{"learn":[5.29652059],"iteration":101,"passed_time":0.2314369175,"remaining_time":2.03755247},
{"learn":[5.288350766],"iteration":102,"passed_time":0.2321533156,"remaining_time":2.02176237},
{"learn":[5.27993346],"iteration":103,"passed_time":0.2329002921,"remaining_time":2.006525594},
{"learn":[5.271789139],"iteration":104,"passed_time":0.2336971139,"remaining_time":1.991989685},
{"learn":[5.262684686],"iteration":105,"passed_time":0.2344194533,"remaining_time":1.977084823},
{"learn":[5.251619772],"iteration":106,"passed_time":0.2352034906,"remaining_time":1.962959973},
{"learn":[5.241012171],"iteration":107,"passed_time":0.2359309799,"remaining_time":1.948615131},
{"learn":[5.232684032],"iteration":108,"passed_time":0.2367573924,"remaining_time":1.935328777},
{"learn":[5.224267141],"iteration":109,"passed_time":0.237517985,"remaining_time":1.921736424},
{"learn":[5.216324968],"iteration":110,"passed_time":0.238511516,"remaining_time":1.910240881},
{"learn":[5.211102527],"iteration":111,"passed_time":0.2393026168,"remaining_time":1.897327891},
{"learn":[5.206364257],"iteration":112,"passed_time":0.2400754628,"remaining_time":1.884486155},
{"learn":[5.196937641],"iteration":113,"passed_time":0.2411054732,"remaining_time":1.873854818},
{"learn":[5.190746047],"iteration":114,"passed_time":0.2419453071,"remaining_time":1.861926928},
{"learn":[5.181885213],"iteration":115,"passed_time":0.2432315205,"remaining_time":1.853591932},
{"learn":[5.178293568],"iteration":116,"passed_time":0.2440268795,"remaining_time":1.841672945},
{"learn":[5.170991438],"iteration":117,"passed_time":0.245036718,"remaining_time":1.831545638},
{"learn":[5.166257212],"iteration":118,"passed_time":0.2457987733,"remaining_time":1.819737137},
{"learn":[5.161421246],"iteration":119,"passed_time":0.2466124271,"remaining_time":1.808491132},
{"learn":[5.158223542],"iteration":120,"passed_time":0.2474336254,"remaining_time":1.79747237},
{"learn":[5.15470988],"iteration":121,"passed_time":0.2479856196,"remaining_time":1.784683393},
{"learn":[5.146388143],"iteration":122,"passed_time":0.248760309,"remaining_time":1.773681228},
{"learn":[5.139529364],"iteration":123,"passed_time":0.2497158541,"remaining_time":1.764121679},
{"learn":[5.134276023],"iteration":124,"passed_time":0.2505001419,"remaining_time":1.753500993},
{"learn":[5.128536065],"iteration":125,"passed_time":0.2513259389,"remaining_time":1.74332437},
{"learn":[5.123300353],"iteration":126,"passed_time":0.251971071,"remaining_time":1.73205311},
{"learn":[5.116200518],"iteration":127,"passed_time":0.2527876504,"remaining_time":1.722115868},
{"learn":[5.108728704],"iteration":128,"passed_time":0.2536703561,"remaining_time":1.712766513},
{"learn":[5.104075866],"iteration":129,"passed_time":0.2546307502,"remaining_time":1.704067328},
{"learn":[5.100317606],"iteration":130,"passed_time":0.2553960417,"remaining_time":1.694192063},
{"learn":[5.095814182],"iteration":131,"passed_time":0.2561295826,"remaining_time":1.684246043},
{"learn":[5.092146915],"iteration":132,"passed_time":0.2570465263,"remaining_time":1.675634122},
{"learn":[5.085258329],"iteration":133,"passed_time":0.257894696,"remaining_time":1.666692588},
{"learn":[5.079219421],"iteration":134,"passed_time":0.2587798665,"remaining_time":1.658108033},
{"learn":[5.076476829],"iteration":135,"passed_time":0.2595322433,"remaining_time":1.648793075},
{"learn":[5.072133867],"iteration":136,"passed_time":0.2604301381,"remaining_time":1.640519775},
{"learn":[5.067031564],"iteration":137,"passed_time":0.2612236134,"remaining_time":1.631701121},
{"learn":[5.061358312],"iteration":138,"passed_time":0.2619581361,"remaining_time":1.622632771},
{"learn":[5.056759124],"iteration":139,"passed_time":0.2628859654,"remaining_time":1.614870931},
{"learn":[5.050254],"iteration":140,"passed_time":0.2638510084,"remaining_time":1.607432739},
{"learn":[5.048376474],"iteration":141,"passed_time":0.2644541102,"remaining_time":1.597898778},
{"learn":[5.042603751],"iteration":142,"passed_time":0.2652781138,"remaining_time":1.589813591},
{"learn":[5.037477349],"iteration":143,"passed_time":0.266138036,"remaining_time":1.58204277},
{"learn":[5.03230489],"iteration":144,"passed_time":0.2670491961,"remaining_time":1.574669398},
{"learn":[5.025976187],"iteration":145,"passed_time":0.2678052499,"remaining_time":1.566477284},
{"learn":[5.01952451],"iteration":146,"passed_time":0.268550443,"remaining_time":1.558323319},
{"learn":[5.017569424],"iteration":147,"passed_time":0.2693753484,"remaining_time":1.550728357},
{"learn":[5.008962367],"iteration":148,"passed_time":0.2701402992,"remaining_time":1.542881843},
{"learn":[5.003880266],"iteration":149,"passed_time":0.2709003607,"remaining_time":1.535102044},
{"learn":[4.996387564],"iteration":150,"passed_time":0.2716399331,"remaining_time":1.527300021},
{"learn":[4.993361683],"iteration":151,"passed_time":0.2725218774,"remaining_time":1.520385211},
{"learn":[4.99005752],"iteration":152,"passed_time":0.2733598677,"remaining_time":1.513305934},
{"learn":[4.986908764],"iteration":153,"passed_time":0.2742073453,"remaining_time":1.506359832},
{"learn":[4.985207175],"iteration":154,"passed_time":0.2750147573,"remaining_time":1.499273999},
{"learn":[4.979003494],"iteration":155,"passed_time":0.2758022411,"remaining_time":1.492160843},
{"learn":[4.973142217],"iteration":156,"passed_time":0.2766160152,"remaining_time":1.485269432},
{"learn":[4.967056696],"iteration":157,"passed_time":0.2774267836,"remaining_time":1.478438935},
{"learn":[4.961460696],"iteration":158,"passed_time":0.278296755,"remaining_time":1.471997301},
{"learn":[4.954240363],"iteration":159,"passed_time":0.2790295644,"remaining_time":1.464905213},
{"learn":[4.952320707],"iteration":160,"passed_time":0.2797041184,"remaining_time":1.457588542},
{"learn":[4.948337777],"iteration":161,"passed_time":0.2806609356,"remaining_time":1.451813976},
{"learn":[4.943228639],"iteration":162,"passed_time":0.2815577082,"remaining_time":1.445790195},
{"learn":[4.938545759],"iteration":163,"passed_time":0.2823394311,"remaining_time":1.439242466},
{"learn":[4.935330572],"iteration":164,"passed_time":0.2831691098,"remaining_time":1.433007313},
{"learn":[4.932051543],"iteration":165,"passed_time":0.2839556419,"remaining_time":1.426620514},
{"learn":[4.928964153],"iteration":166,"passed_time":0.284681478,"remaining_time":1.419998031},
{"learn":[4.922860227],"iteration":167,"passed_time":0.285434436,"remaining_time":1.413580064},
{"learn":[4.917668772],"iteration":168,"passed_time":0.2862342935,"remaining_time":1.407459751},
{"learn":[4.910365386],"iteration":169,"passed_time":0.2870128804,"remaining_time":1.401298181},
{"learn":[4.906457206],"iteration":170,"passed_time":0.2877249803,"remaining_time":1.394877244},
{"learn":[4.901996508],"iteration":171,"passed_time":0.2884750728,"remaining_time":1.388705583},
{"learn":[4.896816173],"iteration":172,"passed_time":0.2891446815,"remaining_time":1.382211859},
{"learn":[4.891123132],"iteration":173,"passed_time":0.2899159044,"remaining_time":1.376267454},
{"learn":[4.887630202],"iteration":174,"passed_time":0.2906485535,"remaining_time":1.370200324},
{"learn":[4.885259712],"iteration":175,"passed_time":0.2914395441,"remaining_time":1.364466956},
{"learn":[4.880659728],"iteration":176,"passed_time":0.2928303699,"remaining_time":1.3615785},
{"learn":[4.877299723],"iteration":177,"passed_time":0.2936529711,"remaining_time":1.356082822},
{"learn":[4.874038772],"iteration":178,"passed_time":0.2944008394,"remaining_time":1.350296587},
{"learn":[4.86943698],"iteration":179,"passed_time":0.295197266,"remaining_time":1.344787545},
{"learn":[4.861268711],"iteration":180,"passed_time":0.2959740595,"remaining_time":1.339241739},
{"learn":[4.858673056],"iteration":181,"passed_time":0.2968061786,"remaining_time":1.333997001},
{"learn":[4.854036207],"iteration":182,"passed_time":0.2975154331,"remaining_time":1.328251961},
{"learn":[4.85130244],"iteration":183,"passed_time":0.2982395059,"remaining_time":1.322627374},
{"learn":[4.847510084],"iteration":184,"passed_time":0.2991386564,"remaining_time":1.317827054},
{"learn":[4.845691673],"iteration":185,"passed_time":0.2999663171,"remaining_time":1.312755818},
{"learn":[4.842058646],"iteration":186,"passed_time":0.3007295646,"remaining_time":1.307449925},
{"learn":[4.838623675],"iteration":187,"passed_time":0.3015070795,"remaining_time":1.302253982},
{"learn":[4.834602161],"iteration":188,"passed_time":0.3023154733,"remaining_time":1.297237295},
{"learn":[4.830858976],"iteration":189,"passed_time":0.3031658874,"remaining_time":1.292444046},
{"learn":[4.827590511],"iteration":190,"passed_time":0.3040415797,"remaining_time":1.287799152},
{"learn":[4.822246226],"iteration":191,"passed_time":0.3047967118,"remaining_time":1.282686162},
{"learn":[4.816686395],"iteration":192,"passed_time":0.3055930325,"remaining_time":1.277790556},
{"learn":[4.814797121],"iteration":193,"passed_time":0.3064245104,"remaining_time":1.273083275},
{"learn":[4.811639392],"iteration":194,"passed_time":0.3073000413,"remaining_time":1.268597606},
{"learn":[4.804813432],"iteration":195,"passed_time":0.3083467637,"remaining_time":1.26485101},
{"learn":[4.80251613],"iteration":196,"passed_time":0.3091970238,"remaining_time":1.260331016},
{"learn":[4.800087884],"iteration":197,"passed_time":0.3099049059,"remaining_time":1.255271387},
{"learn":[4.794773135],"iteration":198,"passed_time":0.3106133989,"remaining_time":1.250257952},
{"learn":[4.791664833],"iteration":199,"passed_time":0.3113942501,"remaining_time":1.245577001},
{"learn":[4.785989873],"iteration":200,"passed_time":0.3123012623,"remaining_time":1.241436361},
{"learn":[4.782387142],"iteration":201,"passed_time":0.3131308781,"remaining_time":1.237021984},
{"learn":[4.778623704],"iteration":202,"passed_time":0.3138946652,"remaining_time":1.232384474},
{"learn":[4.775772178],"iteration":203,"passed_time":0.3148198031,"remaining_time":1.228414526},
{"learn":[4.77023101],"iteration":204,"passed_time":0.3157363177,"remaining_time":1.224440842},
{"learn":[4.764496689],"iteration":205,"passed_time":0.3164919909,"remaining_time":1.219876897},
{"learn":[4.763138716],"iteration":206,"passed_time":0.3172794246,"remaining_time":1.215471419},
{"learn":[4.758053283],"iteration":207,"passed_time":0.3180632315,"remaining_time":1.21108692},
{"learn":[4.755063788],"iteration":208,"passed_time":0.3188337329,"remaining_time":1.20668652},
{"learn":[4.752465267],"iteration":209,"passed_time":0.3196904691,"remaining_time":1.202645098},
{"learn":[4.748067377],"iteration":210,"passed_time":0.3203951448,"remaining_time":1.198065257},
{"learn":[4.744163298],"iteration":211,"passed_time":0.3210719127,"remaining_time":1.193418241},
{"learn":[4.736670896],"iteration":212,"passed_time":0.3219631352,"remaining_time":1.18960088},
{"learn":[4.73349255],"iteration":213,"passed_time":0.3228417927,"remaining_time":1.185764715},
{"learn":[4.731864595],"iteration":214,"passed_time":0.3236558673,"remaining_time":1.18172026},
{"learn":[4.728398311],"iteration":215,"passed_time":0.3243920432,"remaining_time":1.177422972},
{"learn":[4.723865975],"iteration":216,"passed_time":0.3252252244,"remaining_time":1.173508528},
{"learn":[4.723483365],"iteration":217,"passed_time":0.3259483554,"remaining_time":1.169227587},
{"learn":[4.72095416],"iteration":218,"passed_time":0.3267474815,"remaining_time":1.165250151},
{"learn":[4.716173382],"iteration":219,"passed_time":0.3275684877,"remaining_time":1.161379183},
{"learn":[4.710563974],"iteration":220,"passed_time":0.328347866,"remaining_time":1.157389084},
{"learn":[4.707160263],"iteration":221,"passed_time":0.3291304806,"remaining_time":1.153439252},
{"learn":[4.70408351],"iteration":222,"passed_time":0.3298486521,"remaining_time":1.149293286},
{"learn":[4.702501831],"iteration":223,"passed_time":0.3306110538,"remaining_time":1.145331151},
{"learn":[4.700269738],"iteration":224,"passed_time":0.3314669727,"remaining_time":1.141719573},
{"learn":[4.695346302],"iteration":225,"passed_time":0.3322176119,"remaining_time":1.137771821},
{"learn":[4.689769299],"iteration":226,"passed_time":0.3329602301,"remaining_time":1.133824925},
{"learn":[4.687919514],"iteration":227,"passed_time":0.333801481,"remaining_time":1.130240102},
{"learn":[4.682982074],"iteration":228,"passed_time":0.3345507318,"remaining_time":1.126369494},
{"learn":[4.679578702],"iteration":229,"passed_time":0.3352908052,"remaining_time":1.122495304},
{"learn":[4.675751423],"iteration":230,"passed_time":0.3362817734,"remaining_time":1.119483479},
{"learn":[4.672710726],"iteration":231,"passed_time":0.3371914649,"remaining_time":1.116220022},
{"learn":[4.6690533],"iteration":232,"passed_time":0.3380901211,"remaining_time":1.112940442},
{"learn":[4.667595702],"iteration":233,"passed_time":0.3389268791,"remaining_time":1.109478587},
{"learn":[4.664241291],"iteration":234,"passed_time":0.3396826925,"remaining_time":1.105775573},
{"learn":[4.662246999],"iteration":235,"passed_time":0.3404737532,"remaining_time":1.102211642},
{"learn":[4.658668443],"iteration":236,"passed_time":0.3412667275,"remaining_time":1.098677271},
{"learn":[4.658017572],"iteration":237,"passed_time":0.341960803,"remaining_time":1.094849294},
{"learn":[4.657656705],"iteration":238,"passed_time":0.3426914684,"remaining_time":1.091164048},
{"learn":[4.653242871],"iteration":239,"passed_time":0.3434128561,"remaining_time":1.087474044},
{"learn":[4.6507302],"iteration":240,"passed_time":0.3443522844,"remaining_time":1.084495369},
{"learn":[4.647671336],"iteration":241,"passed_time":0.3451516367,"remaining_time":1.081094796},
{"learn":[4.645506007],"iteration":242,"passed_time":0.346004753,"remaining_time":1.077883119},
{"learn":[4.641297906],"iteration":243,"passed_time":0.3467694534,"remaining_time":1.074416831},
{"learn":[4.63798107],"iteration":244,"passed_time":0.3475451047,"remaining_time":1.071006343},
{"learn":[4.635062318],"iteration":245,"passed_time":0.348383158,"remaining_time":1.067808541},
{"learn":[4.631606017],"iteration":246,"passed_time":0.3492768647,"remaining_time":1.064799511},
{"learn":[4.630215494],"iteration":247,"passed_time":0.3500890558,"remaining_time":1.061560363},
{"learn":[4.62729814],"iteration":248,"passed_time":0.3508565815,"remaining_time":1.058205995},
{"learn":[4.624691756],"iteration":249,"passed_time":0.3516125996,"remaining_time":1.054837799},
{"learn":[4.621840053],"iteration":250,"passed_time":0.352358454,"remaining_time":1.051460088},
{"learn":[4.619602091],"iteration":251,"passed_time":0.3533196253,"remaining_time":1.04874238},
{"learn":[4.613584029],"iteration":252,"passed_time":0.354126917,"remaining_time":1.045584217},
{"learn":[4.6119388],"iteration":253,"passed_time":0.3548592756,"remaining_time":1.042224487},
{"learn":[4.60870702],"iteration":254,"passed_time":0.3557118237,"remaining_time":1.039236505},
{"learn":[4.604771557],"iteration":255,"passed_time":0.3564376699,"remaining_time":1.035896978},
{"learn":[4.604231277],"iteration":256,"passed_time":0.3572088927,"remaining_time":1.032708978},
{"learn":[4.600750354],"iteration":257,"passed_time":0.357907646,"remaining_time":1.029331292},
{"learn":[4.596488253],"iteration":258,"passed_time":0.3586438319,"remaining_time":1.026081388},
{"learn":[4.59470784],"iteration":259,"passed_time":0.3593692072,"remaining_time":1.022820051},
{"learn":[4.588818005],"iteration":260,"passed_time":0.3600992113,"remaining_time":1.019591253},
{"learn":[4.585054174],"iteration":261,"passed_time":0.360796022,"remaining_time":1.016288031},
{"learn":[4.581471435],"iteration":262,"passed_time":0.36152281,"remaining_time":1.013088635},
{"learn":[4.577555199],"iteration":263,"passed_time":0.3622576132,"remaining_time":1.009930316},
{"learn":[4.57457145],"iteration":264,"passed_time":0.3630693434,"remaining_time":1.007003651},
{"learn":[4.573029224],"iteration":265,"passed_time":0.3637876352,"remaining_time":1.003835053},
{"learn":[4.571326203],"iteration":266,"passed_time":0.3645330888,"remaining_time":1.000759379},
{"learn":[4.571019224],"iteration":267,"passed_time":0.3652850849,"remaining_time":0.9977189632},
{"learn":[4.565766631],"iteration":268,"passed_time":0.3663115852,"remaining_time":0.9954415197},
{"learn":[4.563383471],"iteration":269,"passed_time":0.3671762766,"remaining_time":0.9927358588},
{"learn":[4.558165805],"iteration":270,"passed_time":0.3680717667,"remaining_time":0.9901266344},
{"learn":[4.55629209],"iteration":271,"passed_time":0.3689485311,"remaining_time":0.987479892},
{"learn":[4.549383848],"iteration":272,"passed_time":0.3697968305,"remaining_time":0.9847703142},
{"learn":[4.546227503],"iteration":273,"passed_time":0.3706082701,"remaining_time":0.9819766574},
{"learn":[4.540620977],"iteration":274,"passed_time":0.371374283,"remaining_time":0.9790776552},
{"learn":[4.532898237],"iteration":275,"passed_time":0.372095851,"remaining_time":0.9760775222},
{"learn":[4.529757367],"iteration":276,"passed_time":0.3728391405,"remaining_time":0.9731505364},
{"learn":[4.52579294],"iteration":277,"passed_time":0.3736227069,"remaining_time":0.9703438647},
{"learn":[4.521572155],"iteration":278,"passed_time":0.3743912446,"remaining_time":0.9675128579},
{"learn":[4.518818099],"iteration":279,"passed_time":0.3751662146,"remaining_time":0.9647131232},
{"learn":[4.514012334],"iteration":280,"passed_time":0.3764282948,"remaining_time":0.9631741778},
{"learn":[4.508331416],"iteration":281,"passed_time":0.3772623476,"remaining_time":0.9605473957},
{"learn":[4.506038537],"iteration":282,"passed_time":0.3779910492,"remaining_time":0.9576663686},
{"learn":[4.505805643],"iteration":283,"passed_time":0.3787215543,"remaining_time":0.9548050454},
{"learn":[4.501550352],"iteration":284,"passed_time":0.3795847428,"remaining_time":0.9522915476},
{"learn":[4.494692643],"iteration":285,"passed_time":0.380346778,"remaining_time":0.9495370613},
{"learn":[4.489330245],"iteration":286,"passed_time":0.3810700092,"remaining_time":0.9467000577},
{"learn":[4.484826955],"iteration":287,"passed_time":0.3818685588,"remaining_time":0.944063937},
{"learn":[4.478285428],"iteration":288,"passed_time":0.3826448212,"remaining_time":0.9413857021},
{"learn":[4.475311671],"iteration":289,"passed_time":0.3833944128,"remaining_time":0.9386552864},
{"learn":[4.471581298],"iteration":290,"passed_time":0.3841237456,"remaining_time":0.9358891258},
{"learn":[4.469164956],"iteration":291,"passed_time":0.3849725408,"remaining_time":0.9334265716},
{"learn":[4.462068024],"iteration":292,"passed_time":0.3857947124,"remaining_time":0.9309107906},
{"learn":[4.458540976],"iteration":293,"passed_time":0.3865640015,"remaining_time":0.9282795411},
{"learn":[4.455757458],"iteration":294,"passed_time":0.3873314772,"remaining_time":0.9256565811},
{"learn":[4.453027414],"iteration":295,"passed_time":0.3881573343,"remaining_time":0.9231850114},
{"learn":[4.450659338],"iteration":296,"passed_time":0.3889328353,"remaining_time":0.9206053308},
{"learn":[4.444696901],"iteration":297,"passed_time":0.3897666377,"remaining_time":0.9181750995},
{"learn":[4.442052813],"iteration":298,"passed_time":0.3906274058,"remaining_time":0.9158187674},
{"learn":[4.440036756],"iteration":299,"passed_time":0.3914985852,"remaining_time":0.9134966989},
{"learn":[4.435017051],"iteration":300,"passed_time":0.3923664125,"remaining_time":0.9111764863},
{"learn":[4.429962125],"iteration":301,"passed_time":0.3931744557,"remaining_time":0.9087277154},
{"learn":[4.427666256],"iteration":302,"passed_time":0.3940276439,"remaining_time":0.9063936231},
{"learn":[4.425030004],"iteration":303,"passed_time":0.3947598422,"remaining_time":0.9037922703},
{"learn":[4.422588771],"iteration":304,"passed_time":0.3954798171,"remaining_time":0.901175321},
{"learn":[4.418936667],"iteration":305,"passed_time":0.3963403305,"remaining_time":0.8988895077},
{"learn":[4.416887976],"iteration":306,"passed_time":0.3971110023,"remaining_time":0.8964101777},
{"learn":[4.413773354],"iteration":307,"passed_time":0.3981740223,"remaining_time":0.8945987775},
{"learn":[4.411129391],"iteration":308,"passed_time":0.3992413922,"remaining_time":0.8928019481},
{"learn":[4.40850819],"iteration":309,"passed_time":0.4003065449,"remaining_time":0.8910048902},
{"learn":[4.404880292],"iteration":310,"passed_time":0.4010488425,"remaining_time":0.8884972748},
{"learn":[4.404593827],"iteration":311,"passed_time":0.4020753929,"remaining_time":0.8866277895},
{"learn":[4.402139942],"iteration":312,"passed_time":0.4030312684,"remaining_time":0.8846085666},
{"learn":[4.400284725],"iteration":313,"passed_time":0.4038192832,"remaining_time":0.8822293895},
{"learn":[4.395805521],"iteration":314,"passed_time":0.4045203721,"remaining_time":0.8796712854},
{"learn":[4.392838833],"iteration":315,"passed_time":0.405269082,"remaining_time":0.8772280129},
{"learn":[4.389213061],"iteration":316,"passed_time":0.4060454346,"remaining_time":0.87485499},
{"learn":[4.3861981],"iteration":317,"passed_time":0.4067795265,"remaining_time":0.8724013744},
{"learn":[4.385054234],"iteration":318,"passed_time":0.4074907247,"remaining_time":0.8699096662},
{"learn":[4.379364607],"iteration":319,"passed_time":0.4082202579,"remaining_time":0.867468048},
{"learn":[4.378387619],"iteration":320,"passed_time":0.4089789877,"remaining_time":0.8650988557},
{"learn":[4.375816727],"iteration":321,"passed_time":0.409860841,"remaining_time":0.8629989136},
{"learn":[4.374600202],"iteration":322,"passed_time":0.4106605582,"remaining_time":0.8607343588},
{"learn":[4.37098897],"iteration":323,"passed_time":0.4114501261,"remaining_time":0.8584576704},
{"learn":[4.367418484],"iteration":324,"passed_time":0.4122517269,"remaining_time":0.8562151251},
{"learn":[4.363584638],"iteration":325,"passed_time":0.4130324879,"remaining_time":0.853938334},
{"learn":[4.360770706],"iteration":326,"passed_time":0.4137359213,"remaining_time":0.8515115445},
{"learn":[4.358675808],"iteration":327,"passed_time":0.4144993693,"remaining_time":0.84921822},
{"learn":[4.354228195],"iteration":328,"passed_time":0.4152563959,"remaining_time":0.8469210992},
{"learn":[4.353773425],"iteration":329,"passed_time":0.4161725054,"remaining_time":0.8449562988},
{"learn":[4.351648009],"iteration":330,"passed_time":0.416897029,"remaining_time":0.8426106115},
{"learn":[4.348209927],"iteration":331,"passed_time":0.4177982046,"remaining_time":0.8406301225},
{"learn":[4.345852733],"iteration":332,"passed_time":0.4186058269,"remaining_time":0.8384687284},
{"learn":[4.34237339],"iteration":333,"passed_time":0.4195149388,"remaining_time":0.8365178121},
{"learn":[4.340814362],"iteration":334,"passed_time":0.4202892475,"remaining_time":0.8343055212},
{"learn":[4.339707068],"iteration":335,"passed_time":0.420985407,"remaining_time":0.8319473519},
{"learn":[4.335430786],"iteration":336,"passed_time":0.4217523917,"remaining_time":0.8297383849},
{"learn":[4.33521887],"iteration":337,"passed_time":0.42245838,"remaining_time":0.8274184838},
{"learn":[4.328507238],"iteration":338,"passed_time":0.4232242514,"remaining_time":0.8252248678},
{"learn":[4.326140732],"iteration":339,"passed_time":0.4240006642,"remaining_time":0.8230601128},
{"learn":[4.323785636],"iteration":340,"passed_time":0.4246837988,"remaining_time":0.8207232357},
{"learn":[4.320632534],"iteration":341,"passed_time":0.4254031024,"remaining_time":0.8184656181},
{"learn":[4.31973724],"iteration":342,"passed_time":0.4261365631,"remaining_time":0.8162440874},
{"learn":[4.318000924],"iteration":343,"passed_time":0.4268667075,"remaining_time":0.8140248841},
{"learn":[4.312713628],"iteration":344,"passed_time":0.4276745812,"remaining_time":0.811961886},
{"learn":[4.308220789],"iteration":345,"passed_time":0.4284998578,"remaining_time":0.8099390376},
{"learn":[4.305890947],"iteration":346,"passed_time":0.4297618399,"remaining_time":0.8087449033},
{"learn":[4.305137856],"iteration":347,"passed_time":0.4308542252,"remaining_time":0.8072326287},
{"learn":[4.304787172],"iteration":348,"passed_time":0.431719187,"remaining_time":0.8052985408},
{"learn":[4.30350134],"iteration":349,"passed_time":0.4326485418,"remaining_time":0.8034901491},
{"learn":[4.30293809],"iteration":350,"passed_time":0.4335106582,"remaining_time":0.8015624421},
{"learn":[4.299548459],"iteration":351,"passed_time":0.4342318154,"remaining_time":0.7993812966},
{"learn":[4.294768408],"iteration":352,"passed_time":0.4349700352,"remaining_time":0.7972396963},
{"learn":[4.294581479],"iteration":353,"passed_time":0.435675753,"remaining_time":0.795046713},
{"learn":[4.292551604],"iteration":354,"passed_time":0.4365632579,"remaining_time":0.7931923981},
{"learn":[4.288628894],"iteration":355,"passed_time":0.4373186805,"remaining_time":0.7911045793},
{"learn":[4.287802767],"iteration":356,"passed_time":0.4380109926,"remaining_time":0.7889105554},
{"learn":[4.284566905],"iteration":357,"passed_time":0.4387552339,"remaining_time":0.7868180452},
{"learn":[4.27890232],"iteration":358,"passed_time":0.4395193732,"remaining_time":0.7847685745},
{"learn":[4.276938023],"iteration":359,"passed_time":0.4404345123,"remaining_time":0.7829946886},
{"learn":[4.273425094],"iteration":360,"passed_time":0.4412428961,"remaining_time":0.7810365945},
{"learn":[4.269726505],"iteration":361,"passed_time":0.4420011041,"remaining_time":0.778996421},
{"learn":[4.265565857],"iteration":362,"passed_time":0.4427088457,"remaining_time":0.7768747512},
{"learn":[4.262117173],"iteration":363,"passed_time":0.4434988137,"remaining_time":0.7749045207},
{"learn":[4.259185148],"iteration":364,"passed_time":0.4442192195,"remaining_time":0.772819738},
{"learn":[4.257668507],"iteration":365,"passed_time":0.445055145,"remaining_time":0.770942519},
{"learn":[4.253432436],"iteration":366,"passed_time":0.4458880657,"remaining_time":0.7690657918},
{"learn":[4.250216667],"iteration":367,"passed_time":0.4468771345,"remaining_time":0.767462905},
{"learn":[4.24514828],"iteration":368,"passed_time":0.4476495797,"remaining_time":0.7654929127},
{"learn":[4.244015772],"iteration":369,"passed_time":0.4488341118,"remaining_time":0.7642310553},
{"learn":[4.240329192],"iteration":370,"passed_time":0.4496919901,"remaining_time":0.7624158},
{"learn":[4.236718014],"iteration":371,"passed_time":0.4505570522,"remaining_time":0.7606178193},
{"learn":[4.233495944],"iteration":372,"passed_time":0.4514013445,"remaining_time":0.7587899277},
{"learn":[4.230357491],"iteration":373,"passed_time":0.4521516989,"remaining_time":0.7568100629},
{"learn":[4.227381215],"iteration":374,"passed_time":0.4532157095,"remaining_time":0.7553595158},
{"learn":[4.226169067],"iteration":375,"passed_time":0.4539711822,"remaining_time":0.7533989833},
{"learn":[4.225963861],"iteration":376,"passed_time":0.4548309642,"remaining_time":0.7516172167},
{"learn":[4.224346548],"iteration":377,"passed_time":0.4556542164,"remaining_time":0.7497802185},
{"learn":[4.222595381],"iteration":378,"passed_time":0.4563927367,"remaining_time":0.7478097349},
{"learn":[4.219700938],"iteration":379,"passed_time":0.4572282323,"remaining_time":0.746003958},
{"learn":[4.216356207],"iteration":380,"passed_time":0.4579486882,"remaining_time":0.7440163727},
{"learn":[4.214326494],"iteration":381,"passed_time":0.4587174263,"remaining_time":0.7421135325},
{"learn":[4.212901398],"iteration":382,"passed_time":0.4595204698,"remaining_time":0.7402718796},
{"learn":[4.211331091],"iteration":383,"passed_time":0.4605080258,"remaining_time":0.7387316247},
{"learn":[4.208624791],"iteration":384,"passed_time":0.4613801113,"remaining_time":0.7370097881},
{"learn":[4.204659106],"iteration":385,"passed_time":0.4622594706,"remaining_time":0.7353039247},
{"learn":[4.202968852],"iteration":386,"passed_time":0.462976029,"remaining_time":0.7333444594},
{"learn":[4.197261935],"iteration":387,"passed_time":0.46369391,"remaining_time":0.7313934869},
{"learn":[4.196934403],"iteration":388,"passed_time":0.4643487405,"remaining_time":0.7293498212},
{"learn":[4.192479929],"iteration":389,"passed_time":0.4650516529,"remaining_time":0.7273884827},
{"learn":[4.190243116],"iteration":390,"passed_time":0.4657637127,"remaining_time":0.7254478288},
{"learn":[4.185852431],"iteration":391,"passed_time":0.4665167709,"remaining_time":0.7235770324},
{"learn":[4.180967944],"iteration":392,"passed_time":0.4674412063,"remaining_time":0.7219766214},
{"learn":[4.178283162],"iteration":393,"passed_time":0.4682845368,"remaining_time":0.7202548967},
{"learn":[4.176341157],"iteration":394,"passed_time":0.4691001945,"remaining_time":0.7184952346},
{"learn":[4.176041504],"iteration":395,"passed_time":0.4699588042,"remaining_time":0.7168058529},
{"learn":[4.175564513],"iteration":396,"passed_time":0.4706888083,"remaining_time":0.7149253184},
{"learn":[4.170830274],"iteration":397,"passed_time":0.4714175801,"remaining_time":0.7130487015},
{"learn":[4.167804808],"iteration":398,"passed_time":0.4721336275,"remaining_time":0.711158672},
{"learn":[4.165860548],"iteration":399,"passed_time":0.473085295,"remaining_time":0.7096279424},
{"learn":[4.160950571],"iteration":400,"passed_time":0.4738894607,"remaining_time":0.707879768},
{"learn":[4.158544115],"iteration":401,"passed_time":0.4747292244,"remaining_time":0.7061892443},
{"learn":[4.154448767],"iteration":402,"passed_time":0.4754912396,"remaining_time":0.7043877669},
{"learn":[4.15197457],"iteration":403,"passed_time":0.4763533561,"remaining_time":0.7027391094},
{"learn":[4.149562679],"iteration":404,"passed_time":0.4770784909,"remaining_time":0.7008930915},
{"learn":[4.149327961],"iteration":405,"passed_time":0.4777337322,"remaining_time":0.6989503373},
{"learn":[4.147444889],"iteration":406,"passed_time":0.4784826424,"remaining_time":0.6971503856},
{"learn":[4.147254809],"iteration":407,"passed_time":0.4796803165,"remaining_time":0.6960067337},
{"learn":[4.144589165],"iteration":408,"passed_time":0.4804880176,"remaining_time":0.6942993114},
{"learn":[4.141691034],"iteration":409,"passed_time":0.4811892868,"remaining_time":0.69244312},
{"learn":[4.138893468],"iteration":410,"passed_time":0.4819286287,"remaining_time":0.6906471103},
{"learn":[4.136964597],"iteration":411,"passed_time":0.4826486137,"remaining_time":0.688828604},
{"learn":[4.133773523],"iteration":412,"passed_time":0.4834688301,"remaining_time":0.6871578772},
{"learn":[4.131363444],"iteration":413,"passed_time":0.4842362414,"remaining_time":0.6854165155},
{"learn":[4.130228592],"iteration":414,"passed_time":0.4850980973,"remaining_time":0.6838129805},
{"learn":[4.12884186],"iteration":415,"passed_time":0.4859856222,"remaining_time":0.6822490465},
{"learn":[4.12413494],"iteration":416,"passed_time":0.4868248549,"remaining_time":0.6806208403},
{"learn":[4.119422508],"iteration":417,"passed_time":0.4877629564,"remaining_time":0.6791340685},
{"learn":[4.117038244],"iteration":418,"passed_time":0.4885358725,"remaining_time":0.6774208637},
{"learn":[4.116067631],"iteration":419,"passed_time":0.4891750632,"remaining_time":0.6755274682},
{"learn":[4.110343455],"iteration":420,"passed_time":0.489944222,"remaining_time":0.6738187757},
{"learn":[4.105604544],"iteration":421,"passed_time":0.4906806384,"remaining_time":0.6720696895},
{"learn":[4.103390131],"iteration":422,"passed_time":0.4914425635,"remaining_time":0.670360187},
{"learn":[4.096724402],"iteration":423,"passed_time":0.4922990591,"remaining_time":0.6687836275},
{"learn":[4.093431279],"iteration":424,"passed_time":0.4930447131,"remaining_time":0.6670604942},
{"learn":[4.091412744],"iteration":425,"passed_time":0.4938487186,"remaining_time":0.6654205738},
{"learn":[4.091192901],"iteration":426,"passed_time":0.4946983611,"remaining_time":0.6638458102},
{"learn":[4.088994581],"iteration":427,"passed_time":0.4954506278,"remaining_time":0.6621442969},
{"learn":[4.087845355],"iteration":428,"passed_time":0.4962400153,"remaining_time":0.6604966171},
{"learn":[4.083650279],"iteration":429,"passed_time":0.4970459243,"remaining_time":0.6588748299},
{"learn":[4.079840652],"iteration":430,"passed_time":0.497752654,"remaining_time":0.6571258936},
{"learn":[4.075707828],"iteration":431,"passed_time":0.4984754043,"remaining_time":0.6554028463},
{"learn":[4.071345409],"iteration":432,"passed_time":0.4992258317,"remaining_time":0.6537206618},
{"learn":[4.067460475],"iteration":433,"passed_time":0.4999944195,"remaining_time":0.6520664549},
{"learn":[4.064914749],"iteration":434,"passed_time":0.5007342924,"remaining_time":0.6503790235},
{"learn":[4.063823175],"iteration":435,"passed_time":0.501453576,"remaining_time":0.6486693048},
{"learn":[4.058898471],"iteration":436,"passed_time":0.5021750939,"remaining_time":0.6469669975},
{"learn":[4.054120355],"iteration":437,"passed_time":0.5030750701,"remaining_time":0.6454981493},
{"learn":[4.052715901],"iteration":438,"passed_time":0.5038215156,"remaining_time":0.6438356953},
{"learn":[4.052114167],"iteration":439,"passed_time":0.5046325645,"remaining_time":0.6422596275},
{"learn":[4.051377267],"iteration":440,"passed_time":0.505657438,"remaining_time":0.6409580676},
{"learn":[4.049275336],"iteration":441,"passed_time":0.5065111183,"remaining_time":0.639441638},
{"learn":[4.047099198],"iteration":442,"passed_time":0.5072882925,"remaining_time":0.6378320066},
{"learn":[4.044348685],"iteration":443,"passed_time":0.5079837706,"remaining_time":0.6361238209},
{"learn":[4.042822379],"iteration":444,"passed_time":0.508663088,"remaining_time":0.634400031},
{"learn":[4.041258611],"iteration":445,"passed_time":0.5093986126,"remaining_time":0.632750743},
{"learn":[4.040044254],"iteration":446,"passed_time":0.5100988499,"remaining_time":0.6310618881},
{"learn":[4.036860137],"iteration":447,"passed_time":0.510852437,"remaining_time":0.6294431813},
{"learn":[4.036372284],"iteration":448,"passed_time":0.5117888894,"remaining_time":0.6280527351},
{"learn":[4.03368231],"iteration":449,"passed_time":0.512617602,"remaining_time":0.6265326247},
{"learn":[4.032439519],"iteration":450,"passed_time":0.5134059676,"remaining_time":0.624966466},
{"learn":[4.032008634],"iteration":451,"passed_time":0.5142554083,"remaining_time":0.6234777959},
{"learn":[4.030034932],"iteration":452,"passed_time":0.5150056912,"remaining_time":0.6218722143},
{"learn":[4.028173412],"iteration":453,"passed_time":0.5157199352,"remaining_time":0.6202270586},
{"learn":[4.023806097],"iteration":454,"passed_time":0.5165553709,"remaining_time":0.6187311586},
{"learn":[4.020239186],"iteration":455,"passed_time":0.5173596268,"remaining_time":0.6172009583},
{"learn":[4.017384838],"iteration":456,"passed_time":0.5184950652,"remaining_time":0.6160674407},
{"learn":[4.016468229],"iteration":457,"passed_time":0.5192371624,"remaining_time":0.6144684324},
{"learn":[4.014530169],"iteration":458,"passed_time":0.5199486411,"remaining_time":0.6128370694},
{"learn":[4.012884822],"iteration":459,"passed_time":0.5206783146,"remaining_time":0.611231065},
{"learn":[4.008924707],"iteration":460,"passed_time":0.5215136499,"remaining_time":0.6097524019},
{"learn":[4.008286778],"iteration":461,"passed_time":0.5225874105,"remaining_time":0.6085541706},
{"learn":[4.006444202],"iteration":462,"passed_time":0.5237524353,"remaining_time":0.6074623278},
{"learn":[4.003284363],"iteration":463,"passed_time":0.5251480305,"remaining_time":0.606636518},
{"learn":[3.999811484],"iteration":464,"passed_time":0.5260497125,"remaining_time":0.6052399918},
{"learn":[3.997483319],"iteration":465,"passed_time":0.5269133919,"remaining_time":0.6038020414},
{"learn":[3.99708333],"iteration":466,"passed_time":0.5276304513,"remaining_time":0.6021992089},
{"learn":[3.995860263],"iteration":467,"passed_time":0.5283705146,"remaining_time":0.6006263115},
{"learn":[3.994131111],"iteration":468,"passed_time":0.5290616044,"remaining_time":0.599001518},
{"learn":[3.993125499],"iteration":469,"passed_time":0.5298281383,"remaining_time":0.5974657729},
{"learn":[3.992954084],"iteration":470,"passed_time":0.5306901067,"remaining_time":0.5960404807},
{"learn":[3.990635743],"iteration":471,"passed_time":0.5315957359,"remaining_time":0.5946664164},
{"learn":[3.986678254],"iteration":472,"passed_time":0.5327708503,"remaining_time":0.5935945838},
{"learn":[3.986393291],"iteration":473,"passed_time":0.5339378235,"remaining_time":0.5925132809},
{"learn":[3.986152671],"iteration":474,"passed_time":0.5347962483,"remaining_time":0.5910905902},
{"learn":[3.985596662],"iteration":475,"passed_time":0.535557472,"remaining_time":0.5895632675},
{"learn":[3.983853457],"iteration":476,"passed_time":0.5363029056,"remaining_time":0.5880218441},
{"learn":[3.983263928],"iteration":477,"passed_time":0.5370203056,"remaining_time":0.5864531371},
{"learn":[3.980067202],"iteration":478,"passed_time":0.5378551299,"remaining_time":0.585015705},
{"learn":[3.978115407],"iteration":479,"passed_time":0.5386190645,"remaining_time":0.5835039866},
{"learn":[3.972661644],"iteration":480,"passed_time":0.5395107975,"remaining_time":0.5821332721},
{"learn":[3.969938254],"iteration":481,"passed_time":0.5403873832,"remaining_time":0.5807482666},
{"learn":[3.968211434],"iteration":482,"passed_time":0.5411646376,"remaining_time":0.5792590427},
{"learn":[3.966113368],"iteration":483,"passed_time":0.5419509764,"remaining_time":0.5777824459},
{"learn":[3.962246044],"iteration":484,"passed_time":0.5428031839,"remaining_time":0.5763786386},
{"learn":[3.961319703],"iteration":485,"passed_time":0.5436019193,"remaining_time":0.5749205484},
{"learn":[3.96078191],"iteration":486,"passed_time":0.5443720214,"remaining_time":0.5734350041},
{"learn":[3.958913633],"iteration":487,"passed_time":0.5453671604,"remaining_time":0.5721884962},
{"learn":[3.957428286],"iteration":488,"passed_time":0.5461350569,"remaining_time":0.5707055502},
{"learn":[3.952641965],"iteration":489,"passed_time":0.5471099298,"remaining_time":0.5694409473},
{"learn":[3.951486786],"iteration":490,"passed_time":0.5479176523,"remaining_time":0.5680042465},
{"learn":[3.94938344],"iteration":491,"passed_time":0.5487861452,"remaining_time":0.5666328491},
{"learn":[3.947297924],"iteration":492,"passed_time":0.5494984254,"remaining_time":0.5651028432},
{"learn":[3.946284886],"iteration":493,"passed_time":0.5502954146,"remaining_time":0.5636629145},
{"learn":[3.943288204],"iteration":494,"passed_time":0.5511527318,"remaining_time":0.5622871305},
{"learn":[3.943076488],"iteration":495,"passed_time":0.5519292949,"remaining_time":0.5608313803},
{"learn":[3.942347078],"iteration":496,"passed_time":0.5529900406,"remaining_time":0.5596659767},
{"learn":[3.940251541],"iteration":497,"passed_time":0.5541508875,"remaining_time":0.5586018986},
{"learn":[3.939011019],"iteration":498,"passed_time":0.5550433831,"remaining_time":0.5572680058},
{"learn":[3.938760512],"iteration":499,"passed_time":0.555771734,"remaining_time":0.555771734},
{"learn":[3.934522727],"iteration":500,"passed_time":0.5565923912,"remaining_time":0.5543704655},
{"learn":[3.930091193],"iteration":501,"passed_time":0.5574521016,"remaining_time":0.5530102522},
{"learn":[3.927671752],"iteration":502,"passed_time":0.5584344677,"remaining_time":0.5517732215},
{"learn":[3.927280041],"iteration":503,"passed_time":0.559136298,"remaining_time":0.5502611186},
{"learn":[3.925987561],"iteration":504,"passed_time":0.5598530267,"remaining_time":0.5487668282},
{"learn":[3.921645957],"iteration":505,"passed_time":0.5606503294,"remaining_time":0.5473542741},
{"learn":[3.920333743],"iteration":506,"passed_time":0.5614038784,"remaining_time":0.5459016017},
{"learn":[3.918659461],"iteration":507,"passed_time":0.5621615454,"remaining_time":0.5444556699},
{"learn":[3.916124385],"iteration":508,"passed_time":0.5630733467,"remaining_time":0.5431611262},
{"learn":[3.913849268],"iteration":509,"passed_time":0.5640333552,"remaining_time":0.5419144001},
{"learn":[3.912826119],"iteration":510,"passed_time":0.5648802926,"remaining_time":0.5405605931},
{"learn":[3.910034145],"iteration":511,"passed_time":0.5657266088,"remaining_time":0.539208174},
{"learn":[3.90792379],"iteration":512,"passed_time":0.5666031428,"remaining_time":0.5378864143},
{"learn":[3.907823851],"iteration":513,"passed_time":0.5673349703,"remaining_time":0.5364295634},
{"learn":[3.904527401],"iteration":514,"passed_time":0.5682959604,"remaining_time":0.5351913414},
{"learn":[3.903378283],"iteration":515,"passed_time":0.5691284405,"remaining_time":0.5338336535},
{"learn":[3.902170135],"iteration":516,"passed_time":0.5699390786,"remaining_time":0.5324575918},
{"learn":[3.899435429],"iteration":517,"passed_time":0.5707435049,"remaining_time":0.5310779331},
{"learn":[3.897497505],"iteration":518,"passed_time":0.5714724169,"remaining_time":0.5296305058},
{"learn":[3.896426119],"iteration":519,"passed_time":0.5721934739,"remaining_time":0.5281785913},
{"learn":[3.896044669],"iteration":520,"passed_time":0.5729409113,"remaining_time":0.5267537361},
{"learn":[3.892795942],"iteration":521,"passed_time":0.5736867156,"remaining_time":0.5253299809},
{"learn":[3.892413888],"iteration":522,"passed_time":0.5744649919,"remaining_time":0.5239384343},
{"learn":[3.891738985],"iteration":523,"passed_time":0.5751551399,"remaining_time":0.5224691729},
{"learn":[3.88822057],"iteration":524,"passed_time":0.5761243892,"remaining_time":0.5212553997},
{"learn":[3.883837053],"iteration":525,"passed_time":0.576999614,"remaining_time":0.5199578271},
{"learn":[3.881769742],"iteration":526,"passed_time":0.5777924765,"remaining_time":0.5185879343},
{"learn":[3.880356898],"iteration":527,"passed_time":0.578568657,"remaining_time":0.5172053146},
{"learn":[3.879250273],"iteration":528,"passed_time":0.5793156336,"remaining_time":0.5157989856},
{"learn":[3.877174493],"iteration":529,"passed_time":0.5800517293,"remaining_time":0.5143854958},
{"learn":[3.875854201],"iteration":530,"passed_time":0.580856947,"remaining_time":0.5130356086},
{"learn":[3.873189396],"iteration":531,"passed_time":0.5817327195,"remaining_time":0.511749836},
{"learn":[3.871583368],"iteration":532,"passed_time":0.5825437083,"remaining_time":0.5104088401},
{"learn":[3.869622679],"iteration":533,"passed_time":0.5836113171,"remaining_time":0.5092937711},
{"learn":[3.866860164],"iteration":534,"passed_time":0.5844573829,"remaining_time":0.5079863235},
{"learn":[3.864498444],"iteration":535,"passed_time":0.5853971633,"remaining_time":0.5067617235},
{"learn":[3.861416322],"iteration":536,"passed_time":0.5863383167,"remaining_time":0.505539368},
{"learn":[3.860265769],"iteration":537,"passed_time":0.587121845,"remaining_time":0.5041826996},
{"learn":[3.859328725],"iteration":538,"passed_time":0.5879396368,"remaining_time":0.502857463},
{"learn":[3.858521278],"iteration":539,"passed_time":0.5888915527,"remaining_time":0.5016483597},
{"learn":[3.85599111],"iteration":540,"passed_time":0.5897805747,"remaining_time":0.5003868462},
{"learn":[3.852379816],"iteration":541,"passed_time":0.5905988068,"remaining_time":0.4990668884},
{"learn":[3.851327537],"iteration":542,"passed_time":0.5914695997,"remaining_time":0.4977930149},
{"learn":[3.847854898],"iteration":543,"passed_time":0.5923110667,"remaining_time":0.4964960412},
{"learn":[3.847083414],"iteration":544,"passed_time":0.593084563,"remaining_time":0.495143993},
{"learn":[3.845397429],"iteration":545,"passed_time":0.5939060318,"remaining_time":0.4938339532},
{"learn":[3.841933528],"iteration":546,"passed_time":0.5946819837,"remaining_time":0.4924880047},
{"learn":[3.840996474],"iteration":547,"passed_time":0.5955510533,"remaining_time":0.4912209418},
{"learn":[3.838355966],"iteration":548,"passed_time":0.596327728,"remaining_time":0.4898794268},
{"learn":[3.83342799],"iteration":549,"passed_time":0.5970748147,"remaining_time":0.4885157575},
{"learn":[3.828161535],"iteration":550,"passed_time":0.5978760844,"remaining_time":0.4871984789},
{"learn":[3.823502399],"iteration":551,"passed_time":0.5986189722,"remaining_time":0.4858356876},
{"learn":[3.820068862],"iteration":552,"passed_time":0.5993778515,"remaining_time":0.4844880644},
{"learn":[3.817951642],"iteration":553,"passed_time":0.6001929996,"remaining_time":0.4831878661},
{"learn":[3.815785958],"iteration":554,"passed_time":0.6009850508,"remaining_time":0.4818708966},
{"learn":[3.81503012],"iteration":555,"passed_time":0.6017103659,"remaining_time":0.4805025224},
{"learn":[3.813529315],"iteration":556,"passed_time":0.6025745663,"remaining_time":0.4792469172},
{"learn":[3.808881326],"iteration":557,"passed_time":0.6032705455,"remaining_time":0.4778594643},
{"learn":[3.808740434],"iteration":558,"passed_time":0.6040013826,"remaining_time":0.4765019852},
{"learn":[3.80714352],"iteration":559,"passed_time":0.6047347631,"remaining_time":0.4751487425},
{"learn":[3.80573346],"iteration":560,"passed_time":0.6054418735,"remaining_time":0.4737771524},
{"learn":[3.803370052],"iteration":561,"passed_time":0.6061582616,"remaining_time":0.4724151576},
{"learn":[3.803215211],"iteration":562,"passed_time":0.6068959805,"remaining_time":0.4710720133},
{"learn":[3.801309667],"iteration":563,"passed_time":0.6076535773,"remaining_time":0.4697463824},
{"learn":[3.800003847],"iteration":564,"passed_time":0.6083997122,"remaining_time":0.4684139377},
{"learn":[3.798026138],"iteration":565,"passed_time":0.6091539426,"remaining_time":0.4670897722},
{"learn":[3.794745847],"iteration":566,"passed_time":0.6099744696,"remaining_time":0.4658182457},
{"learn":[3.794312041],"iteration":567,"passed_time":0.6107201937,"remaining_time":0.4644914149},
{"learn":[3.792205926],"iteration":568,"passed_time":0.6115328256,"remaining_time":0.4632173073},
{"learn":[3.788991061],"iteration":569,"passed_time":0.6122893804,"remaining_time":0.461902515},
{"learn":[3.787391572],"iteration":570,"passed_time":0.6130619859,"remaining_time":0.4606017372},
{"learn":[3.7826445],"iteration":571,"passed_time":0.6138766514,"remaining_time":0.4593342776},
{"learn":[3.781700331],"iteration":572,"passed_time":0.6147522378,"remaining_time":0.4581137967},
{"learn":[3.780045374],"iteration":573,"passed_time":0.6156245937,"remaining_time":0.4568921201},
{"learn":[3.775462644],"iteration":574,"passed_time":0.6163684543,"remaining_time":0.4555766836},
{"learn":[3.773711943],"iteration":575,"passed_time":0.617134367,"remaining_time":0.4542794646},
{"learn":[3.772415806],"iteration":576,"passed_time":0.6178801512,"remaining_time":0.452969331},
{"learn":[3.770170875],"iteration":577,"passed_time":0.618594265,"remaining_time":0.4516380274},
{"learn":[3.765166479],"iteration":578,"passed_time":0.619517438,"remaining_time":0.450460866},
{"learn":[3.763976102],"iteration":579,"passed_time":0.6203378347,"remaining_time":0.4492101562},
{"learn":[3.760761708],"iteration":580,"passed_time":0.6212039889,"remaining_time":0.4479939266},
{"learn":[3.758155662],"iteration":581,"passed_time":0.6219573576,"remaining_time":0.446697896},
{"learn":[3.756844548],"iteration":582,"passed_time":0.6227165575,"remaining_time":0.4454078979},
{"learn":[3.753098923],"iteration":583,"passed_time":0.6234607988,"remaining_time":0.4441090621},
{"learn":[3.751618946],"iteration":584,"passed_time":0.624129626,"remaining_time":0.4427586236},
{"learn":[3.751398464],"iteration":585,"passed_time":0.6249748519,"remaining_time":0.4415351343},
{"learn":[3.749920103],"iteration":586,"passed_time":0.6259270638,"remaining_time":0.4403882067},
{"learn":[3.748237465],"iteration":587,"passed_time":0.6267704782,"remaining_time":0.4391657092},
{"learn":[3.746021536],"iteration":588,"passed_time":0.6279502713,"remaining_time":0.4381792216},
{"learn":[3.74417648],"iteration":589,"passed_time":0.6288550291,"remaining_time":0.4370009524},
{"learn":[3.738788389],"iteration":590,"passed_time":0.6295891711,"remaining_time":0.4357055347},
{"learn":[3.736021611],"iteration":591,"passed_time":0.6304301872,"remaining_time":0.4344856696},
{"learn":[3.734546151],"iteration":592,"passed_time":0.6311520859,"remaining_time":0.4331853271},
{"learn":[3.733527479],"iteration":593,"passed_time":0.6320249528,"remaining_time":0.4319901193},
{"learn":[3.733026392],"iteration":594,"passed_time":0.632735129,"remaining_time":0.4306852559},
{"learn":[3.730314752],"iteration":595,"passed_time":0.633764044,"remaining_time":0.4295984459},
{"learn":[3.727342596],"iteration":596,"passed_time":0.6346073344,"remaining_time":0.4283865256},
{"learn":[3.725459604],"iteration":597,"passed_time":0.6353717643,"remaining_time":0.4271228248},
{"learn":[3.723158842],"iteration":598,"passed_time":0.6361182198,"remaining_time":0.4258487582},
{"learn":[3.722362756],"iteration":599,"passed_time":0.6369169652,"remaining_time":0.4246113101},
{"learn":[3.721443615],"iteration":600,"passed_time":0.6380953957,"remaining_time":0.4236273925},
{"learn":[3.720743486],"iteration":601,"passed_time":0.6390701071,"remaining_time":0.4225081439},
{"learn":[3.720215334],"iteration":602,"passed_time":0.6399520614,"remaining_time":0.4213283058},
{"learn":[3.719436563],"iteration":603,"passed_time":0.6407482118,"remaining_time":0.4200931985},
{"learn":[3.715046574],"iteration":604,"passed_time":0.6415166293,"remaining_time":0.4188414357},
{"learn":[3.71443396],"iteration":605,"passed_time":0.6422516029,"remaining_time":0.417569524},
{"learn":[3.712938941],"iteration":606,"passed_time":0.6429995312,"remaining_time":0.416307769},
{"learn":[3.712814764],"iteration":607,"passed_time":0.6436720756,"remaining_time":0.4149991014},
{"learn":[3.71235348],"iteration":608,"passed_time":0.6444206953,"remaining_time":0.4137413659},
{"learn":[3.711223749],"iteration":609,"passed_time":0.6451847544,"remaining_time":0.4124951709},
{"learn":[3.710755648],"iteration":610,"passed_time":0.6459050901,"remaining_time":0.4112227169},
{"learn":[3.708668039],"iteration":611,"passed_time":0.6471383252,"remaining_time":0.4102772389},
{"learn":[3.705623591],"iteration":612,"passed_time":0.6479166115,"remaining_time":0.409043603},
{"learn":[3.704045802],"iteration":613,"passed_time":0.6487810524,"remaining_time":0.4078656127},
{"learn":[3.699915209],"iteration":614,"passed_time":0.6495876427,"remaining_time":0.4066524268},
{"learn":[3.696182221],"iteration":615,"passed_time":0.650547095,"remaining_time":0.4055358514},
{"learn":[3.694263278],"iteration":616,"passed_time":0.6512064943,"remaining_time":0.4042335289},
{"learn":[3.693810229],"iteration":617,"passed_time":0.6519248361,"remaining_time":0.4029697207},
{"learn":[3.690900932],"iteration":618,"passed_time":0.6528028229,"remaining_time":0.4018059378},
{"learn":[3.688020895],"iteration":619,"passed_time":0.653730765,"remaining_time":0.4006736947},
{"learn":[3.685491894],"iteration":620,"passed_time":0.6545035508,"remaining_time":0.3994474167},
{"learn":[3.684328128],"iteration":621,"passed_time":0.6552589534,"remaining_time":0.3982120328},
{"learn":[3.680640153],"iteration":622,"passed_time":0.6560038459,"remaining_time":0.3969718297},
{"learn":[3.678932783],"iteration":623,"passed_time":0.6568217379,"remaining_time":0.395777201},
{"learn":[3.674167041],"iteration":624,"passed_time":0.6576084302,"remaining_time":0.3945650581},
{"learn":[3.672200976],"iteration":625,"passed_time":0.6583555771,"remaining_time":0.3933306483},
{"learn":[3.670606604],"iteration":626,"passed_time":0.6590483,"remaining_time":0.3920654161},
{"learn":[3.665506042],"iteration":627,"passed_time":0.6600611944,"remaining_time":0.3909916629},
{"learn":[3.664214007],"iteration":628,"passed_time":0.6608179596,"remaining_time":0.3897670318},
{"learn":[3.66261643],"iteration":629,"passed_time":0.6615388162,"remaining_time":0.3885227968},
{"learn":[3.662118449],"iteration":630,"passed_time":0.6623177237,"remaining_time":0.3873141681},
{"learn":[3.660871366],"iteration":631,"passed_time":0.6631088846,"remaining_time":0.3861140341},
{"learn":[3.656695243],"iteration":632,"passed_time":0.6638549694,"remaining_time":0.3848890581},
{"learn":[3.654497801],"iteration":633,"passed_time":0.6646021463,"remaining_time":0.3836662233},
{"learn":[3.654189134],"iteration":634,"passed_time":0.6653400555,"remaining_time":0.3824395595},
{"learn":[3.653957699],"iteration":635,"passed_time":0.6660675148,"remaining_time":0.3812084519},
{"learn":[3.651920725],"iteration":636,"passed_time":0.6671214175,"remaining_time":0.3801649522},
{"learn":[3.65106705],"iteration":637,"passed_time":0.6679085907,"remaining_time":0.3789700781},
{"learn":[3.650612844],"iteration":638,"passed_time":0.668634988,"remaining_time":0.377742145},
{"learn":[3.649884732],"iteration":639,"passed_time":0.6694899521,"remaining_time":0.3765880981},
{"learn":[3.646276182],"iteration":640,"passed_time":0.6705078847,"remaining_time":0.3755262568},
{"learn":[3.645808194],"iteration":641,"passed_time":0.6712482477,"remaining_time":0.3743097705},
{"learn":[3.645042989],"iteration":642,"passed_time":0.6719782819,"remaining_time":0.3730890305},
{"learn":[3.639864499],"iteration":643,"passed_time":0.6731079492,"remaining_time":0.3720907297},
{"learn":[3.637318478],"iteration":644,"passed_time":0.6738497659,"remaining_time":0.3708785533},
{"learn":[3.636344905],"iteration":645,"passed_time":0.6746758349,"remaining_time":0.3697140024},
{"learn":[3.634754643],"iteration":646,"passed_time":0.675450869,"remaining_time":0.3685226534},
{"learn":[3.630724975],"iteration":647,"passed_time":0.676378897,"remaining_time":0.3674156971},
{"learn":[3.629408252],"iteration":648,"passed_time":0.6774522869,"remaining_time":0.3663879086},
{"learn":[3.62790646],"iteration":649,"passed_time":0.6782144724,"remaining_time":0.3651924082},
{"learn":[3.627388973],"iteration":650,"passed_time":0.6790115346,"remaining_time":0.3640169364},
{"learn":[3.625163557],"iteration":651,"passed_time":0.6799396459,"remaining_time":0.3629125717},
{"learn":[3.623701985],"iteration":652,"passed_time":0.680674359,"remaining_time":0.3617059764},
{"learn":[3.622342639],"iteration":653,"passed_time":0.6814123383,"remaining_time":0.3605025521},
{"learn":[3.621130639],"iteration":654,"passed_time":0.6821082774,"remaining_time":0.3592784057},
{"learn":[3.619125665],"iteration":655,"passed_time":0.6828407863,"remaining_time":0.3580750465},
{"learn":[3.618878783],"iteration":656,"passed_time":0.6835610418,"remaining_time":0.3568667235},
{"learn":[3.616207429],"iteration":657,"passed_time":0.6843744151,"remaining_time":0.3557082826},
{"learn":[3.61206486],"iteration":658,"passed_time":0.6853570817,"remaining_time":0.3546384899},
{"learn":[3.611955873],"iteration":659,"passed_time":0.6860982471,"remaining_time":0.3534445516},
{"learn":[3.610713743],"iteration":660,"passed_time":0.687118335,"remaining_time":0.3523950311},
{"learn":[3.610044025],"iteration":661,"passed_time":0.6878827247,"remaining_time":0.3512150468},
{"learn":[3.607342669],"iteration":662,"passed_time":0.68874951,"remaining_time":0.3500883633},
{"learn":[3.602510618],"iteration":663,"passed_time":0.6895927504,"remaining_time":0.3489505484},
{"learn":[3.600492392],"iteration":664,"passed_time":0.6908452137,"remaining_time":0.3480197693},
{"learn":[3.597171065],"iteration":665,"passed_time":0.6916962489,"remaining_time":0.3468867074},
{"learn":[3.594358798],"iteration":666,"passed_time":0.6925432064,"remaining_time":0.3457524554},
{"learn":[3.593945251],"iteration":667,"passed_time":0.6934710984,"remaining_time":0.3446592884},
{"learn":[3.593607748],"iteration":668,"passed_time":0.6943000916,"remaining_time":0.3435176836},
{"learn":[3.592238714],"iteration":669,"passed_time":0.6950965626,"remaining_time":0.3423609935},
{"learn":[3.590144654],"iteration":670,"passed_time":0.6958866958,"remaining_time":0.3412022696},
{"learn":[3.587151536],"iteration":671,"passed_time":0.6967006402,"remaining_time":0.3400562649},
{"learn":[3.586070865],"iteration":672,"passed_time":0.697465541,"remaining_time":0.3388874174},
{"learn":[3.585102746],"iteration":673,"passed_time":0.698269867,"remaining_time":0.3377388378},
{"learn":[3.584362847],"iteration":674,"passed_time":0.6991157725,"remaining_time":0.3366112979},
{"learn":[3.581407561],"iteration":675,"passed_time":0.6998934977,"remaining_time":0.3354519131},
{"learn":[3.57919422],"iteration":676,"passed_time":0.7006373884,"remaining_time":0.3342775132},
{"learn":[3.577632204],"iteration":677,"passed_time":0.7014051446,"remaining_time":0.3331157176},
{"learn":[3.573911195],"iteration":678,"passed_time":0.7021446969,"remaining_time":0.3319417492},
{"learn":[3.573408216],"iteration":679,"passed_time":0.7028708537,"remaining_time":0.3307627547},
{"learn":[3.571076482],"iteration":680,"passed_time":0.703613542,"remaining_time":0.3295928339},
{"learn":[3.568177107],"iteration":681,"passed_time":0.7043541764,"remaining_time":0.3284232084},
{"learn":[3.564824621],"iteration":682,"passed_time":0.7050964039,"remaining_time":0.3272555784},
{"learn":[3.562475026],"iteration":683,"passed_time":0.7059256317,"remaining_time":0.3261293854},
{"learn":[3.561226889],"iteration":684,"passed_time":0.7068863238,"remaining_time":0.3250645139},
{"learn":[3.559383467],"iteration":685,"passed_time":0.7077082134,"remaining_time":0.3239364126},
{"learn":[3.555209766],"iteration":686,"passed_time":0.7086093543,"remaining_time":0.3228453099},
{"learn":[3.55345383],"iteration":687,"passed_time":0.7095112636,"remaining_time":0.3217551079},
{"learn":[3.552300968],"iteration":688,"passed_time":0.7102866444,"remaining_time":0.3206083402},
{"learn":[3.551253986],"iteration":689,"passed_time":0.7111310269,"remaining_time":0.3194936498},
{"learn":[3.549807725],"iteration":690,"passed_time":0.7119718527,"remaining_time":0.3183781512},
{"learn":[3.547992926],"iteration":691,"passed_time":0.7128766417,"remaining_time":0.3172919157},
{"learn":[3.545438607],"iteration":692,"passed_time":0.7138605913,"remaining_time":0.3162412721},
{"learn":[3.543313763],"iteration":693,"passed_time":0.7147235995,"remaining_time":0.3151374949},
{"learn":[3.542962896],"iteration":694,"passed_time":0.7154733613,"remaining_time":0.3139847125},
{"learn":[3.539800465],"iteration":695,"passed_time":0.716178037,"remaining_time":0.3128133955},
{"learn":[3.53953187],"iteration":696,"passed_time":0.7168337392,"remaining_time":0.3116221277},
{"learn":[3.536332425],"iteration":697,"passed_time":0.7177759873,"remaining_time":0.3105563727},
{"learn":[3.534993327],"iteration":698,"passed_time":0.7186340459,"remaining_time":0.3094547179},
{"learn":[3.531637011],"iteration":699,"passed_time":0.7193745,"remaining_time":0.3083033571},
{"learn":[3.531040284],"iteration":700,"passed_time":0.7201147637,"remaining_time":0.3071530875},
{"learn":[3.529973872],"iteration":701,"passed_time":0.7209180386,"remaining_time":0.3060307343},
{"learn":[3.527325183],"iteration":702,"passed_time":0.7216615576,"remaining_time":0.3048840436},
{"learn":[3.527200815],"iteration":703,"passed_time":0.7224591408,"remaining_time":0.3037612297},
{"learn":[3.523459911],"iteration":704,"passed_time":0.7231781239,"remaining_time":0.302606449},
{"learn":[3.522729934],"iteration":705,"passed_time":0.7239967987,"remaining_time":0.3014944176},
{"learn":[3.522260582],"iteration":706,"passed_time":0.7247550468,"remaining_time":0.3003581736},
{"learn":[3.518641591],"iteration":707,"passed_time":0.7255739807,"remaining_time":0.2992480259},
{"learn":[3.516856405],"iteration":708,"passed_time":0.7264942124,"remaining_time":0.2981802762},
{"learn":[3.515083413],"iteration":709,"passed_time":0.7273343869,"remaining_time":0.2970802425},
{"learn":[3.514671214],"iteration":710,"passed_time":0.7283324486,"remaining_time":0.2960451163},
{"learn":[3.512617621],"iteration":711,"passed_time":0.7293271397,"remaining_time":0.2950087306},
{"learn":[3.510747971],"iteration":712,"passed_time":0.7301781222,"remaining_time":0.2939146158},
{"learn":[3.508149266],"iteration":713,"passed_time":0.730977609,"remaining_time":0.2928005549},
{"learn":[3.504557165],"iteration":714,"passed_time":0.7317639015,"remaining_time":0.2916821146},
{"learn":[3.501367208],"iteration":715,"passed_time":0.7325062784,"remaining_time":0.290547183},
{"learn":[3.497593362],"iteration":716,"passed_time":0.7334133707,"remaining_time":0.2894783597},
{"learn":[3.496291169],"iteration":717,"passed_time":0.7341799861,"remaining_time":0.2883548135},
{"learn":[3.49330374],"iteration":718,"passed_time":0.7349170237,"remaining_time":0.2872207005},
{"learn":[3.490044385],"iteration":719,"passed_time":0.735736898,"remaining_time":0.2861199048},
{"learn":[3.488891789],"iteration":720,"passed_time":0.7366175798,"remaining_time":0.2850434185},
{"learn":[3.486869081],"iteration":721,"passed_time":0.7375299033,"remaining_time":0.283979658},
{"learn":[3.486303638],"iteration":722,"passed_time":0.73833461,"remaining_time":0.2828750857},
{"learn":[3.486035862],"iteration":723,"passed_time":0.7390658866,"remaining_time":0.281743349},
{"learn":[3.482668951],"iteration":724,"passed_time":0.7399658953,"remaining_time":0.2806767189},
{"learn":[3.47820549],"iteration":725,"passed_time":0.7407238024,"remaining_time":0.2795569172},
{"learn":[3.474392283],"iteration":726,"passed_time":0.7415626344,"remaining_time":0.2784684996},
{"learn":[3.472268163],"iteration":727,"passed_time":0.7422910955,"remaining_time":0.2773395302},
{"learn":[3.471209164],"iteration":728,"passed_time":0.7430781893,"remaining_time":0.2762334558},
{"learn":[3.470049971],"iteration":729,"passed_time":0.7440135641,"remaining_time":0.2751830991},
{"learn":[3.469078654],"iteration":730,"passed_time":0.7448249551,"remaining_time":0.2740874322},
{"learn":[3.468643292],"iteration":731,"passed_time":0.7456334792,"remaining_time":0.2729914924},
{"learn":[3.468134848],"iteration":732,"passed_time":0.7464206424,"remaining_time":0.271888556},
{"learn":[3.467820182],"iteration":733,"passed_time":0.7472818872,"remaining_time":0.270813327},
{"learn":[3.465776156],"iteration":734,"passed_time":0.7480164099,"remaining_time":0.2696929913},
{"learn":[3.463037608],"iteration":735,"passed_time":0.7488373777,"remaining_time":0.2686047116},
{"learn":[3.45965637],"iteration":736,"passed_time":0.7495743752,"remaining_time":0.2674871922},
{"learn":[3.457275091],"iteration":737,"passed_time":0.7504199099,"remaining_time":0.2664092363},
{"learn":[3.455522955],"iteration":738,"passed_time":0.7512771364,"remaining_time":0.2653360387},
{"learn":[3.451270508],"iteration":739,"passed_time":0.7522701019,"remaining_time":0.2643111169},
{"learn":[3.450978947],"iteration":740,"passed_time":0.7530968307,"remaining_time":0.263228177},
{"learn":[3.450608492],"iteration":741,"passed_time":0.7538201921,"remaining_time":0.2621099859},
{"learn":[3.448122004],"iteration":742,"passed_time":0.7545178545,"remaining_time":0.2609839685},
{"learn":[3.445646714],"iteration":743,"passed_time":0.7552600819,"remaining_time":0.2598744368},
{"learn":[3.44411263],"iteration":744,"passed_time":0.7559669819,"remaining_time":0.2587537992},
{"learn":[3.443264164],"iteration":745,"passed_time":0.7568800957,"remaining_time":0.257704483},
{"learn":[3.439521363],"iteration":746,"passed_time":0.7576800634,"remaining_time":0.2566172102},
{"learn":[3.436809225],"iteration":747,"passed_time":0.7584393234,"remaining_time":0.2555169913},
{"learn":[3.435509465],"iteration":748,"passed_time":0.759178515,"remaining_time":0.2544109576},
{"learn":[3.434450277],"iteration":749,"passed_time":0.7598726607,"remaining_time":0.2532908869},
{"learn":[3.431786753],"iteration":750,"passed_time":0.7605820755,"remaining_time":0.252177013},
{"learn":[3.430150302],"iteration":751,"passed_time":0.7613013892,"remaining_time":0.2510674794},
{"learn":[3.42696281],"iteration":752,"passed_time":0.7623598746,"remaining_time":0.2500702377},
{"learn":[3.426870334],"iteration":753,"passed_time":0.7632442128,"remaining_time":0.2490160164},
{"learn":[3.425200309],"iteration":754,"passed_time":0.7641688263,"remaining_time":0.2479753145},
{"learn":[3.423383783],"iteration":755,"passed_time":0.7649705073,"remaining_time":0.2468952431},
{"learn":[3.422752979],"iteration":756,"passed_time":0.7657120234,"remaining_time":0.245796594},
{"learn":[3.420845924],"iteration":757,"passed_time":0.7664628415,"remaining_time":0.2447018571},
{"learn":[3.418917862],"iteration":758,"passed_time":0.767322519,"remaining_time":0.2436425917},
{"learn":[3.417095735],"iteration":759,"passed_time":0.768335764,"remaining_time":0.2426323465},
{"learn":[3.414391848],"iteration":760,"passed_time":0.7693093533,"remaining_time":0.2416096392},
{"learn":[3.41426711],"iteration":761,"passed_time":0.7701281871,"remaining_time":0.2405387251},
{"learn":[3.411976013],"iteration":762,"passed_time":0.7709259205,"remaining_time":0.2394619176},
{"learn":[3.408614844],"iteration":763,"passed_time":0.7717102784,"remaining_time":0.238381709},
{"learn":[3.407906721],"iteration":764,"passed_time":0.7724726544,"remaining_time":0.2372955213},
{"learn":[3.407494015],"iteration":765,"passed_time":0.7732037706,"remaining_time":0.2362006297},
{"learn":[3.406287128],"iteration":766,"passed_time":0.7740975274,"remaining_time":0.2351560937},
{"learn":[3.404600442],"iteration":767,"passed_time":0.7748653137,"remaining_time":0.2340738968},
{"learn":[3.404012662],"iteration":768,"passed_time":0.7755725443,"remaining_time":0.2329743274},
{"learn":[3.400398762],"iteration":769,"passed_time":0.7763963976,"remaining_time":0.2319106123},
{"learn":[3.399737714],"iteration":770,"passed_time":0.7772346585,"remaining_time":0.2308517987},
{"learn":[3.399185251],"iteration":771,"passed_time":0.7780248063,"remaining_time":0.2297793469},
{"learn":[3.397245411],"iteration":772,"passed_time":0.7788495814,"remaining_time":0.2287177943},
{"learn":[3.396229831],"iteration":773,"passed_time":0.7796375376,"remaining_time":0.2276461027},
{"learn":[3.394002836],"iteration":774,"passed_time":0.7805263041,"remaining_time":0.2266044109},
{"learn":[3.389617243],"iteration":775,"passed_time":0.7819155729,"remaining_time":0.2257075881},
{"learn":[3.385426488],"iteration":776,"passed_time":0.7827838536,"remaining_time":0.2246599734},
{"learn":[3.385072258],"iteration":777,"passed_time":0.7834802235,"remaining_time":0.2235637656},
{"learn":[3.383842366],"iteration":778,"passed_time":0.7843698224,"remaining_time":0.2225234028},
{"learn":[3.380110746],"iteration":779,"passed_time":0.7851817129,"remaining_time":0.2214615088},
{"learn":[3.378595218],"iteration":780,"passed_time":0.7859234995,"remaining_time":0.2203805972},
{"learn":[3.377371219],"iteration":781,"passed_time":0.7867236876,"remaining_time":0.2193168336},
{"learn":[3.375814782],"iteration":782,"passed_time":0.7875395858,"remaining_time":0.2182580972},
{"learn":[3.374195887],"iteration":783,"passed_time":0.7884806822,"remaining_time":0.2172344737},
{"learn":[3.373704309],"iteration":784,"passed_time":0.7893863918,"remaining_time":0.2162013685},
{"learn":[3.372971757],"iteration":785,"passed_time":0.7902655207,"remaining_time":0.2151613504},
{"learn":[3.371565136],"iteration":786,"passed_time":0.7910611101,"remaining_time":0.2140991314},
{"learn":[3.3700309],"iteration":787,"passed_time":0.7918087879,"remaining_time":0.2130246993},
{"learn":[3.368186663],"iteration":788,"passed_time":0.7926253073,"remaining_time":0.2119695055},
{"learn":[3.366710398],"iteration":789,"passed_time":0.7933093035,"remaining_time":0.2108796883},
{"learn":[3.364598042],"iteration":790,"passed_time":0.7940228662,"remaining_time":0.2097987093},
{"learn":[3.36348442],"iteration":791,"passed_time":0.7947107198,"remaining_time":0.2087119062},
{"learn":[3.362001759],"iteration":792,"passed_time":0.7957216404,"remaining_time":0.2077104408},
{"learn":[3.361580401],"iteration":793,"passed_time":0.7963830535,"remaining_time":0.2066182733},
{"learn":[3.359543675],"iteration":794,"passed_time":0.7971107933,"remaining_time":0.2055442926},
{"learn":[3.35766119],"iteration":795,"passed_time":0.7978737804,"remaining_time":0.2044802151},
{"learn":[3.354592969],"iteration":796,"passed_time":0.7986927945,"remaining_time":0.2034311635},
{"learn":[3.350985986],"iteration":797,"passed_time":0.7997294342,"remaining_time":0.2024377766},
{"learn":[3.349589624],"iteration":798,"passed_time":0.8005674245,"remaining_time":0.2013943083},
{"learn":[3.349110856],"iteration":799,"passed_time":0.8014828427,"remaining_time":0.2003707107},
{"learn":[3.345315441],"iteration":800,"passed_time":0.8026511739,"remaining_time":0.1994102167},
{"learn":[3.34397474],"iteration":801,"passed_time":0.8035712711,"remaining_time":0.1983879198},
{"learn":[3.343800902],"iteration":802,"passed_time":0.8044229075,"remaining_time":0.1973490819},
{"learn":[3.342329465],"iteration":803,"passed_time":0.8052026465,"remaining_time":0.1962931825},
{"learn":[3.34220347],"iteration":804,"passed_time":0.8060293854,"remaining_time":0.1952493542},
{"learn":[3.341279219],"iteration":805,"passed_time":0.8068336112,"remaining_time":0.1942006459},
{"learn":[3.337329521],"iteration":806,"passed_time":0.8075494583,"remaining_time":0.193131407},
{"learn":[3.336708453],"iteration":807,"passed_time":0.8085026587,"remaining_time":0.1921194436},
{"learn":[3.333252703],"iteration":808,"passed_time":0.8094526157,"remaining_time":0.1911068598},
{"learn":[3.332186769],"iteration":809,"passed_time":0.8103894431,"remaining_time":0.1900913508},
{"learn":[3.330594851],"iteration":810,"passed_time":0.8112182702,"remaining_time":0.1890508669},
{"learn":[3.327867442],"iteration":811,"passed_time":0.8120320643,"remaining_time":0.1880074238},
{"learn":[3.327563111],"iteration":812,"passed_time":0.8129043704,"remaining_time":0.186978004},
{"learn":[3.326308994],"iteration":813,"passed_time":0.8136721066,"remaining_time":0.185925076},
{"learn":[3.326249879],"iteration":814,"passed_time":0.8147443243,"remaining_time":0.1849419632},
{"learn":[3.322336238],"iteration":815,"passed_time":0.8158699382,"remaining_time":0.1839706723},
{"learn":[3.320491154],"iteration":816,"passed_time":0.8165849336,"remaining_time":0.1829070292},
{"learn":[3.320434271],"iteration":817,"passed_time":0.8172997587,"remaining_time":0.1818442006},
{"learn":[3.319609638],"iteration":818,"passed_time":0.8180288411,"remaining_time":0.1807853727},
{"learn":[3.316182682],"iteration":819,"passed_time":0.8188290092,"remaining_time":0.1797429532},
{"learn":[3.313126612],"iteration":820,"passed_time":0.8195553763,"remaining_time":0.1786850333},
{"learn":[3.311222803],"iteration":821,"passed_time":0.8202920732,"remaining_time":0.177630157},
{"learn":[3.309627335],"iteration":822,"passed_time":0.8210850376,"remaining_time":0.1765881551},
{"learn":[3.307974895],"iteration":823,"passed_time":0.8219060855,"remaining_time":0.1755527561},
{"learn":[3.307321505],"iteration":824,"passed_time":0.8227714181,"remaining_time":0.1745272705},
{"learn":[3.306759087],"iteration":825,"passed_time":0.8237794632,"remaining_time":0.1735322356},
{"learn":[3.30484037],"iteration":826,"passed_time":0.8245143566,"remaining_time":0.1724800287},
{"learn":[3.30201994],"iteration":827,"passed_time":0.8253192437,"remaining_time":0.1714431279},
{"learn":[3.299302297],"iteration":828,"passed_time":0.8260326161,"remaining_time":0.17038791},
{"learn":[3.298132671],"iteration":829,"passed_time":0.8267820774,"remaining_time":0.1693409074},
{"learn":[3.296976183],"iteration":830,"passed_time":0.8275650841,"remaining_time":0.1683014431},
{"learn":[3.293144745],"iteration":831,"passed_time":0.828452058,"remaining_time":0.1672835886},
{"learn":[3.290284404],"iteration":832,"passed_time":0.8292487294,"remaining_time":0.1662479446},
{"learn":[3.288285745],"iteration":833,"passed_time":0.8300034607,"remaining_time":0.1652045258},
{"learn":[3.286662667],"iteration":834,"passed_time":0.8308105415,"remaining_time":0.1641721429},
{"learn":[3.285692682],"iteration":835,"passed_time":0.8316310384,"remaining_time":0.163142931},
{"learn":[3.284565611],"iteration":836,"passed_time":0.8325151268,"remaining_time":0.1621266017},
{"learn":[3.283897383],"iteration":837,"passed_time":0.8333464143,"remaining_time":0.1611003808},
{"learn":[3.280712855],"iteration":838,"passed_time":0.8341221858,"remaining_time":0.1600639713},
{"learn":[3.280468341],"iteration":839,"passed_time":0.8347736099,"remaining_time":0.1590044971},
{"learn":[3.277814895],"iteration":840,"passed_time":0.8356279514,"remaining_time":0.157984357},
{"learn":[3.276316385],"iteration":841,"passed_time":0.8364930836,"remaining_time":0.1569666356},
{"learn":[3.27557063],"iteration":842,"passed_time":0.8374712536,"remaining_time":0.1559703284},
{"learn":[3.27499628],"iteration":843,"passed_time":0.8382331486,"remaining_time":0.1549340891},
{"learn":[3.273569958],"iteration":844,"passed_time":0.8389757668,"remaining_time":0.1538949631},
{"learn":[3.269665595],"iteration":845,"passed_time":0.8397397057,"remaining_time":0.1528604192},
{"learn":[3.267984685],"iteration":846,"passed_time":0.8407271861,"remaining_time":0.1518668943},
{"learn":[3.267702508],"iteration":847,"passed_time":0.8416463967,"remaining_time":0.1508611466},
{"learn":[3.266671924],"iteration":848,"passed_time":0.8424520753,"remaining_time":0.1498354103},
{"learn":[3.265359825],"iteration":849,"passed_time":0.8432366336,"remaining_time":0.1488064648},
{"learn":[3.2618983],"iteration":850,"passed_time":0.8439750839,"remaining_time":0.1477700206},
{"learn":[3.260456253],"iteration":851,"passed_time":0.8447398143,"remaining_time":0.146738841},
{"learn":[3.258389147],"iteration":852,"passed_time":0.845490528,"remaining_time":0.1457058706},
{"learn":[3.258108469],"iteration":853,"passed_time":0.8461698653,"remaining_time":0.1446613587},
{"learn":[3.256424936],"iteration":854,"passed_time":0.8472903342,"remaining_time":0.1436925128},
{"learn":[3.254817983],"iteration":855,"passed_time":0.8480654445,"remaining_time":0.142665215},
{"learn":[3.253898449],"iteration":856,"passed_time":0.8489732081,"remaining_time":0.1416606403},
{"learn":[3.253023652],"iteration":857,"passed_time":0.8498437906,"remaining_time":0.1406501378},
{"learn":[3.252845542],"iteration":858,"passed_time":0.8507452923,"remaining_time":0.1396450363},
{"learn":[3.252316026],"iteration":859,"passed_time":0.8515471837,"remaining_time":0.1386239601},
{"learn":[3.24975301],"iteration":860,"passed_time":0.8523896125,"remaining_time":0.1376099374},
{"learn":[3.249151075],"iteration":861,"passed_time":0.8533866465,"remaining_time":0.1366210641},
{"learn":[3.246257135],"iteration":862,"passed_time":0.8545165744,"remaining_time":0.1356532685},
{"learn":[3.243826471],"iteration":863,"passed_time":0.8553334644,"remaining_time":0.1346358231},
{"learn":[3.243190653],"iteration":864,"passed_time":0.8561447938,"remaining_time":0.1336179736},
{"learn":[3.24008797],"iteration":865,"passed_time":0.8568944054,"remaining_time":0.1325910512},
{"learn":[3.240036811],"iteration":866,"passed_time":0.8576533047,"remaining_time":0.1315661932},
{"learn":[3.238676314],"iteration":867,"passed_time":0.8583910736,"remaining_time":0.1305387347},
{"learn":[3.237848782],"iteration":868,"passed_time":0.8591411661,"remaining_time":0.1295138006},
{"learn":[3.236405498],"iteration":869,"passed_time":0.8599505718,"remaining_time":0.1284983613},
{"learn":[3.233378068],"iteration":870,"passed_time":0.860709912,"remaining_time":0.1274759801},
{"learn":[3.233169169],"iteration":871,"passed_time":0.8616892923,"remaining_time":0.1264865016},
{"learn":[3.232434885],"iteration":872,"passed_time":0.8627355604,"remaining_time":0.1255067768},
{"learn":[3.229978115],"iteration":873,"passed_time":0.8636052427,"remaining_time":0.1245014423},
{"learn":[3.229648848],"iteration":874,"passed_time":0.8644288656,"remaining_time":0.1234898379},
{"learn":[3.227208761],"iteration":875,"passed_time":0.8652186524,"remaining_time":0.1224738732},
{"learn":[3.226258869],"iteration":876,"passed_time":0.8660257437,"remaining_time":0.1214608512},
{"learn":[3.225331995],"iteration":877,"passed_time":0.8668854255,"remaining_time":0.1204556058},
{"learn":[3.221968268],"iteration":878,"passed_time":0.86786173,"remaining_time":0.1194667455},
{"learn":[3.221166317],"iteration":879,"passed_time":0.8686513379,"remaining_time":0.1184524552},
{"learn":[3.220047503],"iteration":880,"passed_time":0.8694447331,"remaining_time":0.1174391864},
{"learn":[3.21982781],"iteration":881,"passed_time":0.8701876619,"remaining_time":0.1164196645},
{"learn":[3.216693405],"iteration":882,"passed_time":0.8709465511,"remaining_time":0.1154028839},
{"learn":[3.214798761],"iteration":883,"passed_time":0.8716757237,"remaining_time":0.1143827873},
{"learn":[3.214395085],"iteration":884,"passed_time":0.8724810817,"remaining_time":0.1133732479},
{"learn":[3.213470696],"iteration":885,"passed_time":0.8732167867,"remaining_time":0.1123552073},
{"learn":[3.211595017],"iteration":886,"passed_time":0.8740905161,"remaining_time":0.1113553871},
{"learn":[3.210965255],"iteration":887,"passed_time":0.8749315815,"remaining_time":0.110351731},
{"learn":[3.209413583],"iteration":888,"passed_time":0.8759117333,"remaining_time":0.109365807},
{"learn":[3.208331683],"iteration":889,"passed_time":0.8766487708,"remaining_time":0.1083498481},
{"learn":[3.207110711],"iteration":890,"passed_time":0.8774626606,"remaining_time":0.1073439169},
{"learn":[3.204519413],"iteration":891,"passed_time":0.8782147325,"remaining_time":0.1063309317},
{"learn":[3.201421296],"iteration":892,"passed_time":0.8791576212,"remaining_time":0.1053413947},
{"learn":[3.200691259],"iteration":893,"passed_time":0.879961837,"remaining_time":0.1043355198},
{"learn":[3.200485067],"iteration":894,"passed_time":0.8806754899,"remaining_time":0.1033194709},
{"learn":[3.197467568],"iteration":895,"passed_time":0.8814195709,"remaining_time":0.1023076288},
{"learn":[3.195838544],"iteration":896,"passed_time":0.882142762,"remaining_time":0.1012939849},
{"learn":[3.195671746],"iteration":897,"passed_time":0.8828145048,"remaining_time":0.1002751442},
{"learn":[3.194213094],"iteration":898,"passed_time":0.8835961742,"remaining_time":0.09926942557},
{"learn":[3.192884691],"iteration":899,"passed_time":0.8843885274,"remaining_time":0.09826539193},
{"learn":[3.188364239],"iteration":900,"passed_time":0.885233767,"remaining_time":0.09726763921},
{"learn":[3.185219478],"iteration":901,"passed_time":0.8860860846,"remaining_time":0.09627099368},
{"learn":[3.184120387],"iteration":902,"passed_time":0.886896853,"remaining_time":0.09527020459},
{"learn":[3.183725321],"iteration":903,"passed_time":0.8877043651,"remaining_time":0.0942694901},
{"learn":[3.181264554],"iteration":904,"passed_time":0.8888048167,"remaining_time":0.09329995313},
{"learn":[3.180741589],"iteration":905,"passed_time":0.8895132596,"remaining_time":0.09228945519},
{"learn":[3.179782639],"iteration":906,"passed_time":0.8902743731,"remaining_time":0.09128502393},
{"learn":[3.176377564],"iteration":907,"passed_time":0.8909995079,"remaining_time":0.09027748318},
{"learn":[3.174078182],"iteration":908,"passed_time":0.8917746382,"remaining_time":0.08927556884},
{"learn":[3.171242379],"iteration":909,"passed_time":0.8926585362,"remaining_time":0.08828491018},
{"learn":[3.170421012],"iteration":910,"passed_time":0.8936441385,"remaining_time":0.08730442187},
{"learn":[3.170087224],"iteration":911,"passed_time":0.8945493815,"remaining_time":0.08631616839},
{"learn":[3.167303059],"iteration":912,"passed_time":0.8952699877,"remaining_time":0.08531050266},
{"learn":[3.16705966],"iteration":913,"passed_time":0.8959942508,"remaining_time":0.08430580478},
{"learn":[3.165667683],"iteration":914,"passed_time":0.8967707437,"remaining_time":0.08330657182},
{"learn":[3.164689733],"iteration":915,"passed_time":0.8974711413,"remaining_time":0.08230084702},
{"learn":[3.163311455],"iteration":916,"passed_time":0.8982181235,"remaining_time":0.08130000464},
{"learn":[3.159425016],"iteration":917,"passed_time":0.8991614639,"remaining_time":0.08031725495},
{"learn":[3.159327058],"iteration":918,"passed_time":0.8999201328,"remaining_time":0.0793183142},
{"learn":[3.15819426],"iteration":919,"passed_time":0.9007903246,"remaining_time":0.07832959344},
{"learn":[3.157086603],"iteration":920,"passed_time":0.9015883386,"remaining_time":0.07733493892},
{"learn":[3.153354154],"iteration":921,"passed_time":0.9022468862,"remaining_time":0.07632891228},
{"learn":[3.153261317],"iteration":922,"passed_time":0.9028857763,"remaining_time":0.07532199867},
{"learn":[3.153168454],"iteration":923,"passed_time":0.9035375911,"remaining_time":0.07431694472},
{"learn":[3.152080399],"iteration":924,"passed_time":0.9043389515,"remaining_time":0.07332477985},
{"learn":[3.151635144],"iteration":925,"passed_time":0.9050720415,"remaining_time":0.07232757135},
{"learn":[3.147762655],"iteration":926,"passed_time":0.9058667904,"remaining_time":0.07133578824},
{"learn":[3.147172317],"iteration":927,"passed_time":0.9067819982,"remaining_time":0.07035377572},
{"learn":[3.146254125],"iteration":928,"passed_time":0.9076665875,"remaining_time":0.06936956697},
{"learn":[3.144869828],"iteration":929,"passed_time":0.9084490518,"remaining_time":0.06837788562},
{"learn":[3.143466218],"iteration":930,"passed_time":0.9091640372,"remaining_time":0.0673816526},
{"learn":[3.141919643],"iteration":931,"passed_time":0.9099120858,"remaining_time":0.06638843544},
{"learn":[3.141054135],"iteration":932,"passed_time":0.9106209796,"remaining_time":0.06539293208},
{"learn":[3.139390417],"iteration":933,"passed_time":0.9113982983,"remaining_time":0.06440287761},
{"learn":[3.139025283],"iteration":934,"passed_time":0.9121650584,"remaining_time":0.06341254416},
{"learn":[3.137824183],"iteration":935,"passed_time":0.9129599364,"remaining_time":0.06242461103},
{"learn":[3.135620453],"iteration":936,"passed_time":0.9138412294,"remaining_time":0.06144290016},
{"learn":[3.13443178],"iteration":937,"passed_time":0.9146665756,"remaining_time":0.06045770542},
{"learn":[3.132765713],"iteration":938,"passed_time":0.9153912695,"remaining_time":0.0594663125},
{"learn":[3.131434124],"iteration":939,"passed_time":0.9161654881,"remaining_time":0.05847864818},
{"learn":[3.128384262],"iteration":940,"passed_time":0.9169538036,"remaining_time":0.05749232137},
{"learn":[3.128120455],"iteration":941,"passed_time":0.9177171614,"remaining_time":0.0565048783},
{"learn":[3.126314615],"iteration":942,"passed_time":0.9186290786,"remaining_time":0.05552689022},
{"learn":[3.125409666],"iteration":943,"passed_time":0.919507426,"remaining_time":0.05454705069},
{"learn":[3.123072589],"iteration":944,"passed_time":0.9202685495,"remaining_time":0.05356060341},
{"learn":[3.122921099],"iteration":945,"passed_time":0.9210585571,"remaining_time":0.05257628127},
{"learn":[3.122182662],"iteration":946,"passed_time":0.9218115952,"remaining_time":0.05159030047},
{"learn":[3.120040951],"iteration":947,"passed_time":0.9226150095,"remaining_time":0.05060757436},
{"learn":[3.118767799],"iteration":948,"passed_time":0.9233493519,"remaining_time":0.04962151417},
{"learn":[3.118203218],"iteration":949,"passed_time":0.9240890846,"remaining_time":0.04863626761},
{"learn":[3.116343362],"iteration":950,"passed_time":0.9249471132,"remaining_time":0.04765763254},
{"learn":[3.11480829],"iteration":951,"passed_time":0.9260795867,"remaining_time":0.04669308841},
{"learn":[3.112607903],"iteration":952,"passed_time":0.9267959949,"remaining_time":0.04570767236},
{"learn":[3.111661241],"iteration":953,"passed_time":0.927635448,"remaining_time":0.04472875326},
{"learn":[3.110249676],"iteration":954,"passed_time":0.9284088249,"remaining_time":0.04374701269},
{"learn":[3.107333579],"iteration":955,"passed_time":0.9291458625,"remaining_time":0.04276403551},
{"learn":[3.107149851],"iteration":956,"passed_time":0.9298913762,"remaining_time":0.04178195316},
{"learn":[3.106867336],"iteration":957,"passed_time":0.9307726083,"remaining_time":0.04080631477},
{"learn":[3.10364681],"iteration":958,"passed_time":0.9316011815,"remaining_time":0.03982862194},
{"learn":[3.102703811],"iteration":959,"passed_time":0.9325691291,"remaining_time":0.03885704705},
{"learn":[3.101469264],"iteration":960,"passed_time":0.9333575849,"remaining_time":0.03787819543},
{"learn":[3.09863569],"iteration":961,"passed_time":0.934116915,"remaining_time":0.03689858916},
{"learn":[3.09645939],"iteration":962,"passed_time":0.9348546338,"remaining_time":0.03591861002},
{"learn":[3.096240186],"iteration":963,"passed_time":0.9355498114,"remaining_time":0.03493754482},
{"learn":[3.094838828],"iteration":964,"passed_time":0.9362469027,"remaining_time":0.03395714155},
{"learn":[3.094176802],"iteration":965,"passed_time":0.9369527707,"remaining_time":0.03297763375},
{"learn":[3.093182279],"iteration":966,"passed_time":0.9376983646,"remaining_time":0.0320000476},
{"learn":[3.090150687],"iteration":967,"passed_time":0.9384536169,"remaining_time":0.03102326006},
{"learn":[3.088612829],"iteration":968,"passed_time":0.9393408524,"remaining_time":0.03005115214},
{"learn":[3.087153684],"iteration":969,"passed_time":0.9401041301,"remaining_time":0.02907538547},
{"learn":[3.085866843],"iteration":970,"passed_time":0.940956558,"remaining_time":0.02810271903},
{"learn":[3.082669094],"iteration":971,"passed_time":0.9416987954,"remaining_time":0.02712712579},
{"learn":[3.081047548],"iteration":972,"passed_time":0.9424532462,"remaining_time":0.02615235113},
{"learn":[3.079684322],"iteration":973,"passed_time":0.9431753352,"remaining_time":0.02517716501},
{"learn":[3.07613431],"iteration":974,"passed_time":0.9439061409,"remaining_time":0.02420272156},
{"learn":[3.074005935],"iteration":975,"passed_time":0.9448484647,"remaining_time":0.02323397864},
{"learn":[3.072988853],"iteration":976,"passed_time":0.9455877566,"remaining_time":0.02226051013},
{"learn":[3.072344268],"iteration":977,"passed_time":0.9463700563,"remaining_time":0.02128848797},
{"learn":[3.070654438],"iteration":978,"passed_time":0.9472095695,"remaining_time":0.02031808065},
{"learn":[3.069724506],"iteration":979,"passed_time":0.9479371991,"remaining_time":0.01934565712},
{"learn":[3.067763166],"iteration":980,"passed_time":0.9488508184,"remaining_time":0.01837733491},
{"learn":[3.066737893],"iteration":981,"passed_time":0.9498562391,"remaining_time":0.01741080683},
{"learn":[3.065248174],"iteration":982,"passed_time":0.9509666285,"remaining_time":0.01644601494},
{"learn":[3.063186837],"iteration":983,"passed_time":0.9519131898,"remaining_time":0.01547826325},
{"learn":[3.062880371],"iteration":984,"passed_time":0.9527262325,"remaining_time":0.01450852131},
{"learn":[3.061288645],"iteration":985,"passed_time":0.9535030761,"remaining_time":0.01353858323},
{"learn":[3.059970575],"iteration":986,"passed_time":0.9543421485,"remaining_time":0.01256985606},
{"learn":[3.059576341],"iteration":987,"passed_time":0.9552484994,"remaining_time":0.01160220849},
{"learn":[3.058175919],"iteration":988,"passed_time":0.9561627253,"remaining_time":0.01063477248},
{"learn":[3.056830702],"iteration":989,"passed_time":0.9569452798,"remaining_time":0.009666113937},
{"learn":[3.056336579],"iteration":990,"passed_time":0.9577918865,"remaining_time":0.008698412693},
{"learn":[3.055810414],"iteration":991,"passed_time":0.9585501947,"remaining_time":0.007730243506},
{"learn":[3.055476518],"iteration":992,"passed_time":0.9593350035,"remaining_time":0.006762683811},
{"learn":[3.053331734],"iteration":993,"passed_time":0.9600861981,"remaining_time":0.005795288922},
{"learn":[3.050890374],"iteration":994,"passed_time":0.9609256512,"remaining_time":0.004828772116},
{"learn":[3.04972623],"iteration":995,"passed_time":0.9616608853,"remaining_time":0.003862091909},
{"learn":[3.047217327],"iteration":996,"passed_time":0.9623554918,"remaining_time":0.002895753737},
{"learn":[3.047155483],"iteration":997,"passed_time":0.9631011057,"remaining_time":0.001930062336},
{"learn":[3.04430671],"iteration":998,"passed_time":0.9638549353,"remaining_time":0.0009648197551},
{"learn":[3.042664195],"iteration":999,"passed_time":0.9646871646,"remaining_time":0}
]}