{
"meta":{"test_sets":[],"test_metrics":[],"learn_metrics":[{"best_value":"Min","name":"RMSE"}],"launch_mode":"Train","parameters":"","iteration_count":100,"learn_sets":["learn"],"name":"experiment"},
"iterations":[
{"learn":[13.86811882],"iteration":0,"passed_time":0.0006165965503,"remaining_time":0.06104305848},
{"learn":[13.00407958],"iteration":1,"passed_time":0.001130321844,"remaining_time":0.05538577036},
{"learn":[12.20217811],"iteration":2,"passed_time":0.001605156174,"remaining_time":0.05190004963},
{"learn":[11.47692148],"iteration":3,"passed_time":0.002075653706,"remaining_time":0.04981568894},
{"learn":[10.83651115],"iteration":4,"passed_time":0.002567414569,"remaining_time":0.04878087681},
{"learn":[10.3617716],"iteration":5,"passed_time":0.003046014802,"remaining_time":0.04772089857},
{"learn":[9.875895295],"iteration":6,"passed_time":0.003503542002,"remaining_time":0.04654705803},
{"learn":[9.456824851],"iteration":7,"passed_time":0.003989583901,"remaining_time":0.04588021486},
{"learn":[9.023996856],"iteration":8,"passed_time":0.004470357541,"remaining_time":0.0452002818},
{"learn":[8.665525233],"iteration":9,"passed_time":0.004953965624,"remaining_time":0.04458569062},
{"learn":[8.281750925],"iteration":10,"passed_time":0.005423792104,"remaining_time":0.04388340884},
{"learn":[7.971008768],"iteration":11,"passed_time":0.005950097117,"remaining_time":0.04363404553},
{"learn":[7.730818989],"iteration":12,"passed_time":0.006411039671,"remaining_time":0.04290465011},
{"learn":[7.501080727],"iteration":13,"passed_time":0.006902920723,"remaining_time":0.04240365587},
{"learn":[7.2532424],"iteration":14,"passed_time":0.007416936472,"remaining_time":0.04202930667},
{"learn":[7.021893375],"iteration":15,"passed_time":0.00791928393,"remaining_time":0.04157624063},
{"learn":[6.858608103],"iteration":16,"passed_time":0.0084398199,"remaining_time":0.04120617951},
{"learn":[6.70409695],"iteration":17,"passed_time":0.008962228806,"remaining_time":0.04082793123},
{"learn":[6.542689684],"iteration":18,"passed_time":0.009499110398,"remaining_time":0.04049620749},
{"learn":[6.420236392],"iteration":19,"passed_time":0.009959441995,"remaining_time":0.03983776798},
{"learn":[6.309856152],"iteration":20,"passed_time":0.01041285274,"remaining_time":0.03917216031},
{"learn":[6.221921983],"iteration":21,"passed_time":0.0108915331,"remaining_time":0.03861543554},
{"learn":[6.1127092],"iteration":22,"passed_time":0.01135057267,"remaining_time":0.03799974329},
{"learn":[6.031851421],"iteration":23,"passed_time":0.0118309557,"remaining_time":0.03746469305},
{"learn":[5.940969184],"iteration":24,"passed_time":0.01229883913,"remaining_time":0.0368965174},
{"learn":[5.862825561],"iteration":25,"passed_time":0.01274590994,"remaining_time":0.03627682061},
{"learn":[5.806275166],"iteration":26,"passed_time":0.01319738766,"remaining_time":0.03568182589},
{"learn":[5.743846957],"iteration":27,"passed_time":0.01366870648,"remaining_time":0.03514810237},
{"learn":[5.700043143],"iteration":28,"passed_time":0.01411888215,"remaining_time":0.03456691838},
{"learn":[5.65129537],"iteration":29,"passed_time":0.0146168828,"remaining_time":0.03410605986},
{"learn":[5.612501676],"iteration":30,"passed_time":0.0150908057,"remaining_time":0.03358921269},
{"learn":[5.569142899],"iteration":31,"passed_time":0.01556435802,"remaining_time":0.03307426079},
{"learn":[5.528615921],"iteration":32,"passed_time":0.01604077483,"remaining_time":0.03256763375},
{"learn":[5.495490563],"iteration":33,"passed_time":0.01652332125,"remaining_time":0.03207468243},
{"learn":[5.45853224],"iteration":34,"passed_time":0.01698196019,"remaining_time":0.03153792607},
{"learn":[5.429982413],"iteration":35,"passed_time":0.01743731399,"remaining_time":0.03099966931},
{"learn":[5.401264834],"iteration":36,"passed_time":0.0179278936,"remaining_time":0.03052587289},
{"learn":[5.384220943],"iteration":37,"passed_time":0.0184169302,"remaining_time":0.03004867558},
{"learn":[5.366856904],"iteration":38,"passed_time":0.01886914908,"remaining_time":0.02951328445},
{"learn":[5.340140065],"iteration":39,"passed_time":0.01937888539,"remaining_time":0.02906832808},
{"learn":[5.32225411],"iteration":40,"passed_time":0.01987180807,"remaining_time":0.0285960165},
{"learn":[5.303039682],"iteration":41,"passed_time":0.02035883151,"remaining_time":0.02811457685},
{"learn":[5.283132111],"iteration":42,"passed_time":0.02084371159,"remaining_time":0.02763003629},
{"learn":[5.272695691],"iteration":43,"passed_time":0.02116061836,"remaining_time":0.02693169609},
{"learn":[5.249771398],"iteration":44,"passed_time":0.02164830496,"remaining_time":0.02645903939},
{"learn":[5.226731474],"iteration":45,"passed_time":0.02212426104,"remaining_time":0.02597195862},
{"learn":[5.206731746],"iteration":46,"passed_time":0.02264146239,"remaining_time":0.02553186185},
{"learn":[5.19085665],"iteration":47,"passed_time":0.02316517152,"remaining_time":0.02509560248},
{"learn":[5.175071764],"iteration":48,"passed_time":0.02365447853,"remaining_time":0.02461996745},
{"learn":[5.164960829],"iteration":49,"passed_time":0.02411561139,"remaining_time":0.02411561139},
{"learn":[5.144319386],"iteration":50,"passed_time":0.02458868295,"remaining_time":0.02362442088},
{"learn":[5.131291562],"iteration":51,"passed_time":0.02504742205,"remaining_time":0.02312069728},
{"learn":[5.125406539],"iteration":52,"passed_time":0.02542709722,"remaining_time":0.02254855791},
{"learn":[5.122255334],"iteration":53,"passed_time":0.02563599467,"remaining_time":0.02183806954},
{"learn":[5.110323686],"iteration":54,"passed_time":0.02607555371,"remaining_time":0.02133454394},
{"learn":[5.087098596],"iteration":55,"passed_time":0.02653307089,"remaining_time":0.02084741284},
{"learn":[5.073238853],"iteration":56,"passed_time":0.02698990701,"remaining_time":0.02036080704},
{"learn":[5.065181827],"iteration":57,"passed_time":0.02747582872,"remaining_time":0.01989628976},
{"learn":[5.05503944],"iteration":58,"passed_time":0.02797609291,"remaining_time":0.01944101372},
{"learn":[5.047187608],"iteration":59,"passed_time":0.02846086282,"remaining_time":0.01897390854},
{"learn":[5.045192257],"iteration":60,"passed_time":0.02872411548,"remaining_time":0.01836459842},
{"learn":[5.031093789],"iteration":61,"passed_time":0.02919461301,"remaining_time":0.01789347249},
{"learn":[5.016560765],"iteration":62,"passed_time":0.02964770326,"remaining_time":0.01741214318},
{"learn":[5.0004919],"iteration":63,"passed_time":0.0301243304,"remaining_time":0.01694493585},
{"learn":[4.98917476],"iteration":64,"passed_time":0.03058888862,"remaining_time":0.01647094003},
{"learn":[4.972588523],"iteration":65,"passed_time":0.03108005856,"remaining_time":0.01601093926},
{"learn":[4.971640873],"iteration":66,"passed_time":0.03126787297,"remaining_time":0.01540059415},
{"learn":[4.95721763],"iteration":67,"passed_time":0.03174763502,"remaining_time":0.01494006354},
{"learn":[4.948365015],"iteration":68,"passed_time":0.03222082678,"remaining_time":0.01447602362},
{"learn":[4.941323612],"iteration":69,"passed_time":0.03266848851,"remaining_time":0.01400078079},
{"learn":[4.924439839],"iteration":70,"passed_time":0.03315909757,"remaining_time":0.01354385675},
{"learn":[4.911930139],"iteration":71,"passed_time":0.03369259537,"remaining_time":0.01310267598},
{"learn":[4.903829042],"iteration":72,"passed_time":0.03418482697,"remaining_time":0.01264370313},
{"learn":[4.886703768],"iteration":73,"passed_time":0.03465681684,"remaining_time":0.01217671943},
{"learn":[4.876022367],"iteration":74,"passed_time":0.03513509658,"remaining_time":0.01171169886},
{"learn":[4.863906245],"iteration":75,"passed_time":0.0356198765,"remaining_time":0.01124838205},
{"learn":[4.859022296],"iteration":76,"passed_time":0.03607896614,"remaining_time":0.01077683404},
{"learn":[4.850691079],"iteration":77,"passed_time":0.03656310506,"remaining_time":0.01031267066},
{"learn":[4.841844588],"iteration":78,"passed_time":0.03700633986,"remaining_time":0.009837128316},
{"learn":[4.830421985],"iteration":79,"passed_time":0.03747533503,"remaining_time":0.009368833758},
{"learn":[4.825891857],"iteration":80,"passed_time":0.03797650064,"remaining_time":0.008908068051},
{"learn":[4.819224508],"iteration":81,"passed_time":0.03844348266,"remaining_time":0.008438813267},
{"learn":[4.810626967],"iteration":82,"passed_time":0.03891938867,"remaining_time":0.007971441053},
{"learn":[4.797193348],"iteration":83,"passed_time":0.03939895041,"remaining_time":0.007504561983},
{"learn":[4.787816368],"iteration":84,"passed_time":0.03987992436,"remaining_time":0.007037633711},
{"learn":[4.770202184],"iteration":85,"passed_time":0.04036625672,"remaining_time":0.006571251094},
{"learn":[4.76175981],"iteration":86,"passed_time":0.04083940841,"remaining_time":0.006102440337},
{"learn":[4.749233973],"iteration":87,"passed_time":0.04130819326,"remaining_time":0.005632935444},
{"learn":[4.736424133],"iteration":88,"passed_time":0.04180757607,"remaining_time":0.005167228503},
{"learn":[4.727789344],"iteration":89,"passed_time":0.04227529925,"remaining_time":0.004697255472},
{"learn":[4.72016523],"iteration":90,"passed_time":0.04271650086,"remaining_time":0.004224708876},
{"learn":[4.711803074],"iteration":91,"passed_time":0.0432024426,"remaining_time":0.003756734139},
{"learn":[4.698682334],"iteration":92,"passed_time":0.04366506779,"remaining_time":0.003286618006},
{"learn":[4.686316424],"iteration":93,"passed_time":0.04411470262,"remaining_time":0.002815832082},
{"learn":[4.679781055],"iteration":94,"passed_time":0.04458103362,"remaining_time":0.002346370191},
{"learn":[4.668761813],"iteration":95,"passed_time":0.04505596811,"remaining_time":0.001877332005},
{"learn":[4.659791559],"iteration":96,"passed_time":0.04552946033,"remaining_time":0.001408127639},
{"learn":[4.646957723],"iteration":97,"passed_time":0.04598816939,"remaining_time":0.0009385340691},
{"learn":[4.641703021],"iteration":98,"passed_time":0.04649081732,"remaining_time":0.0004696042153},
{"learn":[4.625283971],"iteration":99,"passed_time":0.0469809356,"remaining_time":0}
]}